,GEOID10,n_loans,n_homes,n_hcl,per_hcl,rank_hcl
1,53053062000,319,1512,55,0.172413793,0.904396371
2,53053071601,161,1611,31,0.192546584,0.94277739
3,53053073111,299,1460,51,0.170568562,0.902302861
4,53053940007,264,1107,55,0.208333333,0.958827634
5,53053940006,128,858,25,0.1953125,0.946266574
6,53053073116,350,1370,29,0.082857143,0.584089323
7,53053072800,985,2907,19,0.01928934,0.067690161
8,53053072107,340,1782,33,0.097058824,0.661549197
9,53053071703,28,375,6,0.214285714,0.965806001
10,53053073113,1188,2255,159,0.133838384,0.814375436
11,53053072506,284,1478,13,0.045774648,0.326587579
12,53053071411,662,1691,135,0.203927492,0.955338451
13,53053071410,603,2596,114,0.189054726,0.933007676
14,53053072308,331,2432,14,0.042296073,0.301465457
15,53053940010,350,1485,26,0.074285714,0.536636427
16,53053071409,336,1569,79,0.235119048,0.981856246
17,53053073302,342,1442,25,0.073099415,0.530355897
18,53053071803,176,1271,14,0.079545455,0.568736916
19,53053073115,268,1582,39,0.145522388,0.848569435
20,53053072106,245,1548,24,0.097959184,0.664340544
21,53053072105,412,1791,33,0.080097087,0.571528262
22,53053062600,133,931,31,0.233082707,0.981158409
23,53053073200,451,3031,51,0.11308204,0.739009072
24,53053072410,258,1545,10,0.03875969,0.273551989
25,53053073110,309,1361,41,0.132686084,0.810886253
26,53053073108,760,2844,145,0.190789474,0.93649686
27,53053071902,390,2254,34,0.087179487,0.614096301
28,53053072307,213,1435,11,0.051643192,0.378227495
29,53053072311,148,1093,13,0.087837838,0.618981158
30,53053072109,211,1325,9,0.042654028,0.303558967
31,53053072407,292,1503,16,0.054794521,0.404047453
32,53053073001,417,2334,35,0.083932854,0.5931612
33,53053070100,260,1683,38,0.146153846,0.851360782
34,53053073006,259,1460,33,0.127413127,0.790648988
35,53053070206,348,1476,52,0.149425287,0.861828332
36,53053071506,351,1852,52,0.148148148,0.856245639
37,53053071504,247,1378,54,0.218623482,0.969993022
38,53053070309,682,1919,44,0.064516129,0.47662247
39,53053063501,254,1285,53,0.208661417,0.959525471
40,53053071901,306,1621,41,0.133986928,0.815073273
41,53053062900,471,2541,92,0.195329087,0.94696441
42,53053063000,246,981,47,0.191056911,0.937892533
43,53053070401,133,862,10,0.07518797,0.542219121
44,53053063502,329,1622,71,0.215805471,0.967201675
45,53053072405,266,1678,10,0.037593985,0.256803908
46,53053061200,378,1984,39,0.103174603,0.694347523
47,53053073404,461,2347,48,0.104121475,0.698534543
48,53053073005,283,2129,24,0.084805654,0.598046057
49,53053072504,224,1585,9,0.040178571,0.284717376
50,53053072309,245,1883,11,0.044897959,0.324494068
51,53053060300,403,1760,8,0.019851117,0.071877181
52,53053071706,75,438,20,0.266666667,0.99371947
53,53053071705,231,1346,55,0.238095238,0.983251919
54,53053071704,23,733,3,0.130434783,0.802512212
55,53053072408,404,2160,14,0.034653465,0.22889044
56,53053071403,251,1696,46,0.183266932,0.924633636
57,53053070207,588,1916,51,0.086734694,0.609211445
58,53053071209,289,1417,28,0.096885813,0.660153524
59,53053072406,514,2125,25,0.048638132,0.354501047
60,53053061601,97,97,6,0.06185567,0.453593859
61,53053061800,216,1065,29,0.134259259,0.816468946
62,53053072603,428,3175,67,0.156542056,0.877878576
63,53053072602,227,2199,21,0.092511013,0.63991626
64,53053072601,373,2172,50,0.134048257,0.81577111
65,53053061500,172,500,5,0.029069767,0.163991626
66,53053072503,311,1715,26,0.083601286,0.59106769
67,53053061300,255,1837,32,0.125490196,0.783670621
68,53053061700,438,1555,38,0.086757991,0.609909281
69,53053070307,508,1720,14,0.027559055,0.143754361
70,53053061602,61,87,4,0.06557377,0.485694348
71,53053070308,390,1276,47,0.120512821,0.770411724
72,53053072305,368,2206,16,0.043478261,0.310537334
73,53053062801,172,1360,32,0.186046512,0.929518493
74,53053071210,437,1661,29,0.066361556,0.490579204
75,53053071307,331,1599,56,0.16918429,0.900209351
76,53053062802,310,1517,61,0.196774194,0.947662247
77,53053063400,552,2462,101,0.182971014,0.922540126
78,53053072108,416,2273,53,0.127403846,0.789951151
79,53053071408,185,1499,36,0.194594595,0.945568737
80,53053073114,313,1957,69,0.220447284,0.972784368
81,53053071503,265,1607,51,0.19245283,0.942079553
82,53053061400,40,490,3,0.075,0.540125611
83,53053940002,253,1071,22,0.086956522,0.611304955
84,53053072313,395,1467,24,0.060759494,0.446615492
85,53053071806,19,755,6,0.315789474,0.99790649
86,53053062500,682,2695,124,0.181818182,0.921144452
87,53053072111,198,921,8,0.04040404,0.287508723
88,53053072112,310,1663,37,0.119354839,0.76482903
89,53053940011,323,1642,9,0.027863777,0.150732729
90,53053071805,108,942,23,0.212962963,0.963712491
91,53053060600,343,1986,13,0.037900875,0.258897418
92,53053061100,439,2019,33,0.075170843,0.541521284
93,53053072312,208,1482,12,0.057692308,0.422191207
94,53053071808,66,1360,14,0.212121212,0.962316818
95,53053071807,85,767,16,0.188235294,0.931612003
96,53053073123,595,1581,43,0.072268908,0.52756455
97,53053070404,661,1582,96,0.145234493,0.847871598
98,53053070403,464,1533,81,0.174568966,0.908583391
99,53053070313,519,2179,42,0.080924855,0.574319609
100,53053070314,271,1215,13,0.04797048,0.348220516
101,53053070315,487,2084,28,0.057494867,0.41939986
102,53053070316,490,1743,42,0.085714286,0.603628751
103,53053073125,848,3367,142,0.16745283,0.896022331
104,53053071407,553,2174,91,0.164556962,0.890439637
105,53053060800,390,2164,17,0.043589744,0.311235171
106,53053073119,175,1336,17,0.097142857,0.662944871
107,53053072507,197,1322,1,0.005076142,0.013258897
108,53053072409,167,1011,5,0.02994012,0.175157013
109,53053071406,791,2469,109,0.137800253,0.829030007
110,53053073126,408,1017,78,0.191176471,0.93859037
111,53053073408,335,1552,31,0.092537313,0.640614096
112,53053073406,240,1237,24,0.1,0.676901605
113,53053073121,495,1620,62,0.125252525,0.782274948
114,53053071310,691,1711,100,0.1447178,0.843684578
115,53053071309,290,1592,44,0.151724138,0.866713189
116,53053940004,381,2624,38,0.099737533,0.674808095
117,53053071206,480,2111,50,0.104166667,0.69923238
118,53053062300,434,1728,93,0.214285714,0.965806001
119,53053060200,68,129,4,0.058823529,0.433356595
120,53053060904,283,1539,20,0.070671378,0.516399163
121,53053061002,172,962,15,0.087209302,0.614794138
122,53053061001,291,1327,23,0.079037801,0.564549895
123,53053070312,655,1797,45,0.06870229,0.503140265
124,53053940003,452,1793,63,0.139380531,0.831123517
125,53053073120,322,1393,42,0.130434783,0.802512212
126,53053073122,663,1297,97,0.146304676,0.852756455
127,53053073405,160,867,25,0.15625,0.875785066
128,53053073407,212,1146,29,0.136792453,0.82623866
129,53053073124,231,1256,32,0.138528139,0.83042568
130,53053070703,411,1829,46,0.111922141,0.731332868
131,53053071306,469,2305,53,0.113006397,0.738311235
132,53053073301,275,1793,29,0.105454545,0.7034194
133,53053060700,338,2163,11,0.032544379,0.198185625
134,53053072310,192,1169,11,0.057291667,0.41730635
135,53053072000,108,1596,17,0.157407407,0.878576413
136,53053073118,262,1634,24,0.091603053,0.636427076
137,53053073500,611,2762,37,0.060556465,0.445219819
138,53053061900,145,685,21,0.144827586,0.844382415
139,53053070310,466,1723,70,0.150214592,0.863224006
140,53053071602,398,1999,63,0.158291457,0.879972087
141,53053071305,165,1252,36,0.218181818,0.968597348
142,53053073117,197,1476,23,0.116751269,0.752267969
143,53053072505,1051,2946,40,0.038058991,0.261688765
144,53053940005,467,1978,58,0.124197002,0.777390091
145,53053060500,261,1694,14,0.053639847,0.393579902
146,53053060905,287,1740,19,0.066202091,0.488485694
147,53053060906,131,831,5,0.038167939,0.263084438
148,53053060903,195,1163,8,0.041025641,0.291695743
149,53053060400,302,1750,14,0.046357616,0.331472435
150,53053063100,407,1597,78,0.191646192,0.939288207
151,53053070205,150,1217,17,0.113333333,0.739706909
152,53053071207,306,1298,32,0.104575163,0.699930216
153,53053063200,502,1903,100,0.199203187,0.949755757
154,53053071505,325,1900,71,0.218461538,0.969295185
155,53053070311,449,1608,57,0.126948775,0.787857641
156,53053940009,481,996,14,0.029106029,0.166085136
157,53053940008,386,1792,23,0.059585492,0.439637125
158,53053070204,250,1356,48,0.192,0.94068388
159,53053071304,463,1892,54,0.11663067,0.751570133
160,53053071707,210,907,48,0.228571429,0.979762736
161,53053070203,1960,1945,88,0.044897959,0.324494068
162,53053071100,110,949,9,0.081818182,0.58060014
163,53053940001,196,1192,14,0.071428571,0.521981856
164,53053071205,309,1859,24,0.077669903,0.552686671
165,53053071208,489,2663,57,0.116564417,0.750872296
166,53053062400,458,2098,67,0.14628821,0.852058618
167,53061041810,166,713,17,0.102409639,0.687369156
168,53061051924,352,1735,12,0.034090909,0.217027216
169,53061051922,462,1598,16,0.034632035,0.228192603
170,53061051921,363,1352,13,0.035812672,0.23935799
171,53061051926,517,1688,26,0.050290135,0.368457781
172,53061052115,490,2274,18,0.036734694,0.244940684
173,53061052114,286,1624,10,0.034965035,0.23307746
174,53061052209,158,697,17,0.107594937,0.713189114
175,53061052709,259,1225,28,0.108108108,0.716678297
176,53061053604,717,1607,88,0.122733612,0.774598744
177,53061053603,285,1579,20,0.070175439,0.513607816
178,53061052906,439,1541,47,0.107061503,0.71179344
179,53061053508,237,1277,32,0.135021097,0.820655967
180,53061052905,166,1208,33,0.198795181,0.94905792
181,53061041809,248,1004,28,0.112903226,0.737613398
182,53061051928,265,908,5,0.018867925,0.064898814
183,53061041303,252,1229,12,0.047619048,0.344731333
184,53061051923,489,1708,25,0.051124744,0.372644801
185,53061051925,844,2041,40,0.047393365,0.340544313
186,53061052208,181,964,17,0.093922652,0.649685973
187,53061052708,402,1813,35,0.087064677,0.613398465
188,53061053507,428,1726,41,0.095794393,0.656664341
189,53061053509,174,1268,27,0.155172414,0.874389393
190,53061040500,178,983,20,0.112359551,0.735519888
191,53061052003,1022,2775,39,0.03816047,0.262386602
192,53061052118,599,2457,24,0.040066778,0.282623866
193,53077001701,105,1111,16,0.152380952,0.868108863
194,53077001400,70,1175,16,0.228571429,0.979762736
195,53077000700,260,2040,63,0.242307692,0.985345429
196,53077940002,40,1254,7,0.175,0.909281228
197,53077002200,293,2538,41,0.139931741,0.832519191
198,53077001100,344,2628,63,0.183139535,0.923935799
199,53077002900,190,2264,11,0.057894737,0.424982554
200,53077002002,308,2292,52,0.168831169,0.897418004
201,53077001000,307,1974,48,0.156351792,0.876482903
202,53077002001,119,2104,24,0.201680672,0.950453594
203,53077000200,54,1250,10,0.185185185,0.928122819
204,53077001800,139,2286,20,0.143884892,0.840893231
205,53077000100,22,440,4,0.181818182,0.921144452
206,53077940003,29,1145,7,0.24137931,0.984647592
207,53077940001,67,1892,9,0.134328358,0.81786462
208,53077002701,41,838,9,0.219512195,0.971388695
209,53077003100,243,1947,18,0.074074074,0.53593859
210,53077940004,87,1609,21,0.24137931,0.984647592
211,53077000800,328,1877,40,0.12195122,0.773900907
212,53077000400,627,3151,47,0.074960128,0.5380321
213,53077001300,57,956,14,0.245614035,0.987438939
214,53077003200,385,2484,46,0.119480519,0.766224703
215,53077000300,78,1416,13,0.166666667,0.895324494
216,53077000600,106,1786,27,0.254716981,0.990928123
217,53077000500,243,1661,43,0.176954733,0.916259595
218,53077001602,435,2808,41,0.094252874,0.65038381
219,53077001501,66,1674,13,0.196969697,0.948360084
220,53077001502,34,827,9,0.264705882,0.993021633
221,53077001202,175,2120,39,0.222857143,0.974877879
222,53077001601,112,860,7,0.0625,0.462665736
223,53077002802,820,3180,52,0.063414634,0.466852756
224,53077000902,151,1403,23,0.152317881,0.867411026
225,53077000901,520,2904,53,0.101923077,0.684577809
226,53077002801,264,1946,26,0.098484848,0.669225401
227,53077003002,140,1335,12,0.085714286,0.603628751
228,53077002102,139,2075,19,0.136690647,0.824842987
229,53077002101,31,590,3,0.096774194,0.659455687
230,53077001902,244,1856,45,0.18442623,0.926727146
231,53077940006,67,1049,13,0.194029851,0.944173064
232,53077940005,91,1182,10,0.10989011,0.723656664
233,53077001201,115,1217,25,0.217391304,0.967899512
234,53077001901,92,1028,16,0.173913043,0.907187718
235,53077003400,263,1667,28,0.106463878,0.709002094
236,53077003001,195,2633,21,0.107692308,0.71388695
237,53077001702,438,1967,55,0.125570776,0.784368458
238,53035090700,314,2162,22,0.070063694,0.512212142
239,53035090800,234,1726,7,0.02991453,0.174459177
240,53035090900,532,2319,22,0.041353383,0.29448709
241,53035091000,426,2741,24,0.056338028,0.412421493
242,53035080101,235,843,21,0.089361702,0.625261689
243,53035080102,292,1663,29,0.099315068,0.673412421
244,53035080200,197,1328,18,0.091370558,0.632937893
245,53035080300,314,1017,21,0.066878981,0.493370551
246,53035080400,256,1505,30,0.1171875,0.754361479
247,53035080600,421,2048,51,0.121140143,0.772505234
248,53035080700,260,1469,20,0.076923077,0.550593161
249,53035092801,262,1733,16,0.061068702,0.448709002
250,53035091204,157,1116,9,0.057324841,0.418004187
251,53035091302,319,2129,9,0.028213166,0.155617585
252,53035091400,191,1373,9,0.047120419,0.337752966
253,53035091500,332,1439,22,0.06626506,0.489183531
254,53035091600,413,2132,32,0.07748184,0.551988835
255,53035091700,509,2692,48,0.094302554,0.651081647
256,53035091800,204,1321,17,0.083333333,0.589672017
257,53035092000,294,2402,19,0.06462585,0.477320307
258,53035080500,153,900,5,0.032679739,0.199581298
259,53035080900,343,1807,28,0.081632653,0.577110956
260,53035081000,436,1316,47,0.107798165,0.714584787
261,53035081100,256,1090,32,0.125,0.781577111
262,53035081200,257,1177,21,0.081712062,0.577808793
263,53035091301,306,1807,19,0.062091503,0.455687369
264,53035091201,261,1082,9,0.034482759,0.225401256
265,53035091203,379,1902,22,0.058047493,0.426378227
266,53035091900,255,1639,20,0.078431373,0.561060712
267,53035090101,318,2804,22,0.06918239,0.508025122
268,53035090102,397,2635,27,0.068010076,0.499651082
269,53035092100,1037,2998,51,0.049180328,0.35799023
270,53035092200,435,1890,51,0.117241379,0.755757153
271,53035092400,366,2070,42,0.114754098,0.743893929
272,53035092500,399,2201,31,0.077694236,0.553384508
273,53007960500,207,2935,12,0.057971014,0.425680391
274,53007960600,172,1469,10,0.058139535,0.428471738
275,53007960300,290,3952,27,0.093103448,0.64410328
276,53007960100,102,1349,11,0.107843137,0.715282624
277,53007960200,306,5066,20,0.065359477,0.482903001
278,53007961200,300,1709,21,0.07,0.511514306
279,53007960400,145,2171,10,0.068965517,0.507327285
280,53007960700,301,1468,12,0.03986711,0.281228193
281,53007961000,236,2043,19,0.080508475,0.572923936
282,53007961100,357,3054,40,0.112044818,0.733426378
283,53007960802,239,2240,19,0.079497908,0.568039079
284,53007961302,441,2686,26,0.058956916,0.434752268
285,53007961301,86,499,3,0.034883721,0.231681786
286,53007960801,171,1075,6,0.035087719,0.23517097
287,53035092600,488,2410,50,0.102459016,0.688066992
288,53035092901,296,2345,25,0.084459459,0.595952547
289,53035092300,532,2236,54,0.101503759,0.681786462
290,53035090300,1,1233,0,0,0.011863224
291,53035090400,261,1787,13,0.049808429,0.364270761
292,53035940100,425,2881,23,0.054117647,0.399162596
293,53035940000,197,1627,12,0.060913706,0.448011165
294,53035091100,277,2081,19,0.068592058,0.501744592
295,53035092802,226,1682,16,0.07079646,0.517096999
296,53035092803,150,1144,19,0.126666667,0.786461968
297,53035092902,358,2029,42,0.117318436,0.75645499
298,53035090202,304,2080,12,0.039473684,0.277739009
299,53035090502,337,1736,9,0.026706231,0.132588974
300,53035090201,355,1871,18,0.050704225,0.371946964
301,53035090501,160,1223,11,0.06875,0.505233775
302,53035092704,161,1404,15,0.093167702,0.645498953
303,53035092701,272,1844,19,0.069852941,0.509420796
304,53043960100,145,727,18,0.124137931,0.776692254
305,53043960200,154,1851,13,0.084415584,0.59525471
306,53043960400,125,1545,20,0.16,0.88346127
307,53043960300,108,1581,11,0.101851852,0.683182135
308,53051970100,90,1352,17,0.188888889,0.932309839
309,53051970200,75,1782,4,0.053333333,0.392184229
310,53051970300,180,1531,18,0.1,0.676901605
311,53051970400,108,1513,4,0.037037037,0.251221214
312,53051970500,116,1562,18,0.155172414,0.874389393
313,53019940000,9,999,2,0.222222222,0.974180042
314,53019970100,64,1518,5,0.078125,0.557571528
315,53019970200,83,1745,8,0.096385542,0.658757851
316,53057951900,206,1481,12,0.058252427,0.429169574
317,53057950800,268,2663,17,0.063432836,0.467550593
318,53057951600,222,1580,20,0.09009009,0.628750872
319,53057951700,294,1507,34,0.115646259,0.748778786
320,53057951800,157,1225,20,0.127388535,0.789253315
321,53057951200,211,1778,14,0.066350711,0.489881368
322,53057951300,93,783,11,0.11827957,0.762037683
323,53057952700,174,1537,11,0.063218391,0.465457083
324,53057952100,131,1384,3,0.022900763,0.099790649
325,53057951000,136,1225,20,0.147058824,0.854152128
326,53057952200,187,1116,27,0.144385027,0.842288904
327,53057952600,241,1526,25,0.10373444,0.696441033
328,53057952500,143,1109,17,0.118881119,0.76273552
329,53057950900,166,1472,13,0.078313253,0.558269365
330,53057951400,272,1632,36,0.132352941,0.810188416
331,53057951500,628,3356,68,0.108280255,0.718073971
332,53057951100,211,2654,37,0.17535545,0.911374738
333,53057952402,557,2673,52,0.093357271,0.647592463
334,53057952302,839,2536,73,0.087008343,0.612002791
335,53057952401,211,1052,26,0.123222749,0.775296581
336,53057952301,153,905,12,0.078431373,0.561060712
337,53057950100,37,932,2,0.054054054,0.397069086
338,53057940200,168,1079,4,0.023809524,0.107466853
339,53057940300,303,2370,11,0.03630363,0.240753664
340,53057940400,530,3095,21,0.039622642,0.279134682
341,53057940500,89,831,0,0,0.011863224
342,53057940600,38,635,1,0.026315789,0.129099791
343,53057940700,78,770,4,0.051282051,0.374738311
344,53057940800,135,1485,11,0.081481481,0.576413119
345,53009002300,204,2299,11,0.053921569,0.395673412
346,53009002100,128,1205,8,0.0625,0.462665736
347,53009001300,147,1506,7,0.047619048,0.344731333
348,53009000300,127,2038,11,0.086614173,0.607815771
349,53009000800,240,1744,26,0.108333333,0.718771807
350,53009001800,114,1208,8,0.070175439,0.513607816
351,53009000700,233,1432,16,0.068669528,0.502442428
352,53009001500,68,927,3,0.044117647,0.317515701
353,53009000900,157,1171,15,0.095541401,0.655966504
354,53009001400,216,2101,12,0.055555556,0.4068388
355,53009001700,243,2397,6,0.024691358,0.117934403
356,53009000600,83,1926,5,0.060240964,0.443824145
357,53009001200,220,1606,16,0.072727273,0.52965806
358,53009002000,449,2411,12,0.026726058,0.133286811
359,53009000200,17,609,2,0.117647059,0.759246336
360,53009001900,324,3022,10,0.030864198,0.18004187
361,53009001100,155,1229,13,0.083870968,0.592463364
362,53009940000,1,556,0,0,0.011863224
363,53009001600,130,1625,7,0.053846154,0.394975576
364,53045960400,582,4689,65,0.111683849,0.730635031
365,53045961300,126,1598,17,0.134920635,0.81995813
366,53045960200,287,3999,33,0.114982578,0.745987439
367,53045960600,274,1402,45,0.164233577,0.8897418
368,53045960700,104,556,20,0.192307692,0.941381717
369,53045960800,212,1157,44,0.20754717,0.958129798
370,53045960900,358,1662,80,0.223463687,0.975575715
371,53045961000,258,2217,34,0.131782946,0.807397069
372,53045940000,2,268,0,0,0.011863224
373,53045960500,498,3016,54,0.108433735,0.720167481
374,53045961100,369,3816,47,0.127371274,0.788555478
375,53045961200,191,2474,23,0.120418848,0.769713887
376,53045960300,377,3972,66,0.175066313,0.909979065
377,53045960100,44,1102,3,0.068181818,0.501046755
378,53009001000,93,924,3,0.032258065,0.196092114
379,53009000400,29,890,1,0.034482759,0.225401256
380,53011041008,257,1524,10,0.038910506,0.275645499
381,53011041003,255,1408,17,0.066666667,0.492672715
382,53011041005,135,849,18,0.133333333,0.811584089
383,53011041105,486,1971,43,0.088477366,0.622470342
384,53011041107,294,1028,35,0.119047619,0.764131193
385,53011041323,186,1627,14,0.075268817,0.542916957
386,53011040101,336,1738,48,0.142857143,0.838799721
387,53011041325,416,1825,13,0.03125,0.189113747
388,53011040905,165,1229,7,0.042424242,0.302163294
389,53011040908,463,2250,26,0.056155508,0.411723657
390,53011040803,339,1775,13,0.038348083,0.265875785
391,53011040907,612,1725,36,0.058823529,0.433356595
392,53011041110,405,2218,45,0.111111111,0.728541521
393,53011041007,206,1148,20,0.097087379,0.662247034
394,53011041600,98,896,15,0.153061224,0.869504536
395,53011040904,403,1790,22,0.054590571,0.401256106
396,53011041201,365,1926,26,0.071232877,0.519190509
397,53011041203,268,1611,25,0.093283582,0.64619679
398,53011041206,327,1739,38,0.116207951,0.749476622
399,53011041318,376,1468,21,0.055851064,0.40893231
400,53011041321,94,1065,6,0.063829787,0.47034194
401,53011041309,181,1328,6,0.033149171,0.205163992
402,53011041310,287,1972,8,0.027874564,0.152826239
403,53011041700,192,1141,27,0.140625,0.834612701
404,53011041800,239,1624,28,0.117154812,0.753663643
405,53011041900,122,848,8,0.06557377,0.485694348
406,53011042000,100,607,7,0.07,0.511514306
407,53011042100,179,1266,19,0.106145251,0.70760642
408,53011042300,143,1001,8,0.055944056,0.409630147
409,53011040302,2016,2486,98,0.048611111,0.35380321
410,53011040910,254,1478,16,0.062992126,0.463363573
411,53011040412,556,1609,29,0.052158273,0.381018842
412,53011040414,579,1854,61,0.105354059,0.702721563
413,53011040416,356,1151,27,0.075842697,0.545010468
414,53011040413,244,927,28,0.114754098,0.743893929
415,53011040909,361,2073,15,0.041551247,0.295184927
416,53011040511,216,810,17,0.078703704,0.562456385
417,53011040710,1369,1788,112,0.081811541,0.578506629
418,53011040709,730,1311,43,0.05890411,0.434054431
419,53011040712,598,1838,58,0.096989967,0.660851361
420,53011041327,700,2648,40,0.057142857,0.414515003
421,53011041333,218,1057,23,0.105504587,0.704117237
422,53011040608,408,1395,25,0.06127451,0.450802512
423,53011041328,327,1795,19,0.058103976,0.427773901
424,53011041329,246,1387,11,0.044715447,0.320307048
425,53011040808,141,632,7,0.04964539,0.362875087
426,53011040810,295,1028,27,0.091525424,0.634333566
427,53011041011,240,1171,20,0.083333333,0.589672017
428,53011041112,339,1513,35,0.103244838,0.695045359
429,53003960100,172,1859,8,0.046511628,0.333565946
430,53003960200,187,2013,15,0.080213904,0.572226099
431,53003960300,167,1334,30,0.179640719,0.918353105
432,53003960500,172,1421,22,0.127906977,0.792742498
433,53003960400,86,969,13,0.151162791,0.863921842
434,53003960600,157,1495,21,0.133757962,0.813677599
435,53011041111,71,507,13,0.183098592,0.923237962
436,53011041331,168,722,20,0.119047619,0.764131193
437,53011041330,335,1520,34,0.101492537,0.681088625
438,53011041326,178,817,27,0.151685393,0.866015352
439,53011040707,243,1097,32,0.131687243,0.806699232
440,53011040610,320,1147,13,0.040625,0.288904396
441,53011040609,385,1490,11,0.028571429,0.159804606
442,53011042400,58,87,0,0,0.011863224
443,53011040809,383,1766,28,0.07310705,0.531053733
444,53011041010,285,1187,30,0.105263158,0.702023726
445,53011040409,190,762,10,0.052631579,0.386601535
446,53011040411,145,522,13,0.089655172,0.627355199
447,53011040711,183,843,21,0.114754098,0.743893929
448,53011040510,507,2013,25,0.049309665,0.359385904
449,53011040301,187,609,6,0.032085561,0.194696441
450,53011040415,405,1261,36,0.088888889,0.623168179
451,53011041332,265,1245,26,0.098113208,0.665736218
452,53011042500,71,423,3,0.042253521,0.30076762
453,53011042600,232,1123,8,0.034482759,0.225401256
454,53011042700,101,1345,17,0.168316832,0.896720167
455,53011042800,166,1145,8,0.048192771,0.34961619
456,53011042900,52,555,3,0.057692308,0.422191207
457,53011043000,87,706,8,0.091954023,0.637822749
458,53011043100,265,1598,18,0.067924528,0.498953245
459,53011040102,223,1196,23,0.103139013,0.693649686
460,53011040201,630,2388,49,0.077777778,0.554082345
461,53011040403,292,1501,7,0.023972603,0.109560363
462,53011040603,352,1743,18,0.051136364,0.373342638
463,53011041009,196,1170,20,0.102040816,0.685275645
464,53011041108,310,1774,35,0.112903226,0.737613398
465,53011041319,400,2117,22,0.055,0.405443126
466,53011041320,247,1729,23,0.093117409,0.644801117
467,53021020800,148,1941,23,0.155405405,0.87508723
468,53021020700,100,576,8,0.08,0.570830426
469,53011041322,154,1116,12,0.077922078,0.555478018
470,53011041313,167,562,20,0.119760479,0.76692254
471,53011041312,336,1153,37,0.110119048,0.725052338
472,53011040604,995,1906,71,0.071356784,0.519888346
473,53011040408,247,1231,15,0.060728745,0.445917655
474,53011040407,494,1765,59,0.119433198,0.765526867
475,53011040505,416,1993,30,0.072115385,0.52547104
476,53011040507,70,745,6,0.085714286,0.603628751
477,53011040508,600,2350,42,0.07,0.511514306
478,53011040509,178,1206,22,0.123595506,0.775994417
479,53011040504,311,1588,26,0.083601286,0.59106769
480,53011041400,442,2021,27,0.061085973,0.449406839
481,53011041500,139,1001,15,0.107913669,0.715980461
482,53011040605,687,1549,23,0.033478894,0.210746685
483,53011040202,221,1459,18,0.081447964,0.575715283
484,53011040203,329,1967,25,0.075987842,0.545708304
485,53021020501,401,1733,18,0.044887781,0.323098395
486,53021020502,668,2916,71,0.106287425,0.708304257
487,53021020100,369,2359,75,0.203252033,0.953942777
488,53021020601,1167,2896,120,0.102827763,0.692254013
489,53021020200,132,1482,24,0.181818182,0.921144452
490,53021020300,185,1448,38,0.205405405,0.956734124
491,53021020400,221,1896,35,0.158371041,0.880669923
492,53011040706,182,1013,30,0.164835165,0.891835311
493,53011040805,1090,2101,56,0.051376147,0.376133985
494,53011041205,217,1335,23,0.105990783,0.706908583
495,53011040703,501,2282,59,0.117764471,0.759944173
496,53011041104,217,1196,32,0.147465438,0.854849965
497,53011041317,415,1086,24,0.057831325,0.423586881
498,53011040806,350,1616,37,0.105714286,0.70551291
499,53021020606,579,2163,75,0.129533679,0.799023029
500,53021020603,622,1068,78,0.125401929,0.782972784
501,53021020605,962,2461,139,0.144490644,0.842986741
502,53039950100,332,3705,37,0.111445783,0.729239358
503,53039950200,128,2262,11,0.0859375,0.605024424
504,53039950300,321,3567,14,0.043613707,0.311933008
505,53037975402,291,1813,19,0.065292096,0.482205164
506,53037975100,715,5614,59,0.082517483,0.581995813
507,53037975500,358,1986,30,0.083798883,0.591765527
508,53037975600,69,887,10,0.144927536,0.846475925
509,53037975700,224,1946,23,0.102678571,0.691556176
510,53037975200,362,3344,22,0.060773481,0.447313329
511,53037975300,346,2038,24,0.069364162,0.508722959
512,53037975401,135,1919,5,0.037037037,0.251221214
513,53067010200,326,2217,15,0.04601227,0.329378925
514,53067010300,238,2046,22,0.092436975,0.639218423
515,53067011100,255,1548,8,0.031372549,0.190509421
516,53067012420,294,1733,26,0.088435374,0.621772505
517,53067011420,456,2566,36,0.078947368,0.563852059
518,53067012320,87,1143,10,0.114942529,0.745289602
519,53067012000,410,2585,22,0.053658537,0.394277739
520,53067012100,190,1844,9,0.047368421,0.339846476
521,53067011410,306,1811,40,0.130718954,0.803210049
522,53067011000,284,2018,21,0.073943662,0.535240754
523,53041971000,196,1075,40,0.204081633,0.956036288
524,53041970600,136,633,24,0.176470588,0.914863922
525,53041971200,151,1354,12,0.079470199,0.567341242
526,53041971300,330,2217,45,0.136363636,0.823447313
527,53041971100,201,1502,18,0.089552239,0.625959525
528,53041971800,180,2204,29,0.161111111,0.884856943
529,53041971900,170,1382,30,0.176470588,0.914863922
530,53041971700,215,2325,29,0.134883721,0.819260293
531,53041971400,165,1071,13,0.078787879,0.563154222
532,53041971600,211,1675,30,0.142180095,0.837404047
533,53041972000,99,2581,14,0.141414141,0.836008374
534,53041971500,526,2781,86,0.163498099,0.88764829
535,53041970100,165,1366,12,0.072727273,0.52965806
536,53041970200,166,1227,15,0.090361446,0.630146546
537,53041970300,227,1601,34,0.149779736,0.862526169
538,53041970400,325,2262,66,0.203076923,0.953244941
539,53041970500,164,790,23,0.140243902,0.833217027
540,53041970700,264,1629,60,0.227272727,0.978367062
541,53041970800,258,1266,33,0.127906977,0.792742498
542,53041970900,141,554,30,0.212765957,0.963014655
543,53015001900,267,2049,29,0.108614232,0.720865318
544,53015002001,206,1610,24,0.116504854,0.750174459
545,53015002002,391,2679,41,0.104859335,0.700628053
546,53015001800,120,831,11,0.091666667,0.637124913
547,53015001600,535,2741,46,0.085981308,0.605722261
548,53015000400,158,1172,18,0.113924051,0.741800419
549,53015000602,262,1404,39,0.148854962,0.859036985
550,53015000702,205,1202,46,0.224390244,0.977669225
551,53015000800,573,2744,83,0.144851658,0.845080251
552,53015000900,511,2665,108,0.211350294,0.961618981
553,53015001100,366,2074,111,0.303278689,0.996510816
554,53015001200,314,1476,58,0.184713376,0.927424983
555,53015001300,195,1247,61,0.312820513,0.997208653
556,53067011500,374,2019,50,0.13368984,0.812979763
557,53067012330,217,1323,30,0.138248848,0.829727844
558,53067010910,465,2250,29,0.062365591,0.459874389
559,53067010520,216,1621,5,0.023148148,0.101884159
560,53067012221,713,2169,17,0.023842917,0.108164689
561,53067012212,383,2306,23,0.060052219,0.443126308
562,53067011720,577,1951,73,0.126516464,0.785764131
563,53067011822,253,1585,22,0.086956522,0.611304955
564,53067010920,256,1734,22,0.0859375,0.605024424
565,53067012610,327,2518,21,0.064220183,0.473133287
566,53067011821,511,1626,28,0.054794521,0.404047453
567,53067012730,293,2267,27,0.092150171,0.638520586
568,53067012222,1468,3241,36,0.024523161,0.115143057
569,53067012211,98,1043,3,0.030612245,0.179344033
570,53015001000,49,434,16,0.326530612,0.998604327
571,53015000501,324,1223,79,0.24382716,0.986741103
572,53015000502,292,1713,108,0.369863014,0.999302163
573,53015000601,188,1016,51,0.271276596,0.994417306
574,53015001700,318,2024,34,0.106918239,0.710397767
575,53015000704,411,2341,92,0.223844282,0.976273552
576,53015001502,694,2413,88,0.126801153,0.787159805
577,53015001501,212,1558,18,0.08490566,0.599441731
578,53015000703,83,590,8,0.096385542,0.658757851
579,53015002100,74,791,18,0.243243243,0.986043266
580,53067011710,589,2854,28,0.0475382,0.342637823
581,53067011621,585,2279,42,0.071794872,0.524075366
582,53067011623,748,2367,63,0.084224599,0.594556874
583,53067012720,344,2402,55,0.159883721,0.882763433
584,53067012620,344,1950,57,0.165697674,0.893928821
585,53067012412,507,1747,51,0.100591716,0.677599442
586,53067012520,511,2948,45,0.088062622,0.619678995
587,53067012530,375,1633,40,0.106666667,0.70969993
588,53067012411,1135,2684,101,0.088986784,0.623866015
589,53067012510,572,1433,105,0.183566434,0.925331472
590,53067012710,148,867,19,0.128378378,0.794836008
591,53067011624,377,1561,33,0.087533156,0.616887648
592,53067011622,309,1587,29,0.093851133,0.648988137
593,53049950400,138,1972,18,0.130434783,0.802512212
594,53049950500,114,1835,3,0.026315789,0.129099791
595,53049950600,62,1007,8,0.129032258,0.797627355
596,53049950700,156,3060,13,0.083333333,0.589672017
597,53049950800,221,3015,21,0.095022624,0.653872994
598,53049950200,192,1743,41,0.213541667,0.964410328
599,53049950300,123,2158,19,0.154471545,0.871598046
600,53067010100,66,813,3,0.045454545,0.325191905
601,53067011900,404,3586,37,0.091584158,0.635729239
602,53067012310,1087,3749,69,0.063477461,0.46824843
603,53017950100,161,3030,10,0.062111801,0.456385206
604,53017950300,415,2343,38,0.091566265,0.635031403
605,53017950400,449,2492,33,0.073496659,0.533147244
606,53017950500,124,1249,17,0.137096774,0.827634334
607,53017950800,348,1831,36,0.103448276,0.695743196
608,53067011200,167,1333,24,0.143712575,0.840195394
609,53067010700,386,2112,19,0.049222798,0.358688067
610,53067010800,330,2369,27,0.081818182,0.58060014
611,53067011810,201,1412,13,0.064676617,0.47871598
612,53067011610,742,2957,51,0.068733154,0.503838102
613,53067010600,301,2040,20,0.066445183,0.491277041
614,53067010400,227,1493,6,0.026431718,0.129797627
615,53067011300,131,1670,13,0.099236641,0.672714585
616,53017950600,310,1630,24,0.077419355,0.551290998
617,53017950700,161,1281,17,0.105590062,0.704815073
618,53017950200,112,1271,14,0.125,0.781577111
619,53073001201,101,1385,4,0.03960396,0.278436846
620,53073010403,506,3013,34,0.067193676,0.496161898
621,53073000501,185,1881,4,0.021621622,0.087229588
622,53073000502,78,928,3,0.038461538,0.268667132
623,53031950500,226,3789,13,0.057522124,0.420097697
624,53031950300,498,3658,15,0.030120482,0.177250523
625,53031950400,98,2084,15,0.153061224,0.869504536
626,53031950202,48,1250,6,0.125,0.781577111
627,53031950601,237,3075,12,0.050632911,0.371249128
628,53031950602,121,1490,3,0.024793388,0.119330077
629,53031950702,44,1705,6,0.136363636,0.823447313
630,53073000100,441,3285,17,0.038548753,0.269364969
631,53073000200,720,3022,28,0.038888889,0.274947662
632,53073000300,236,2028,11,0.046610169,0.334961619
633,53073001100,265,2352,4,0.01509434,0.042568039
634,53073000400,291,2520,7,0.024054983,0.110956036
635,53073000600,23,64,1,0.043478261,0.310537334
636,53073000700,236,2168,7,0.029661017,0.170272156
637,53073001000,73,913,1,0.01369863,0.037683182
638,53073010401,507,3061,30,0.059171598,0.438241452
639,53073010100,423,4103,70,0.165484634,0.892533147
640,53073010501,690,2651,36,0.052173913,0.382414515
641,53073010600,346,2349,13,0.037572254,0.256106071
642,53073010900,45,941,1,0.022222222,0.094905792
643,53073940000,138,1896,11,0.079710145,0.569434752
644,53073010302,316,1725,12,0.037974684,0.260293091
645,53073010301,427,2380,18,0.042154567,0.29867411
646,53073011000,73,2092,1,0.01369863,0.037683182
647,53073010200,592,3151,51,0.086148649,0.606420098
648,53073010303,526,1869,23,0.043726236,0.313328681
649,53073010502,592,2475,34,0.057432432,0.418702024
650,53073000804,381,2601,11,0.028871391,0.162595953
651,53073000806,990,4015,71,0.071717172,0.52337753
652,53073000805,275,1976,7,0.025454545,0.12281926
653,53073000803,315,2240,4,0.012698413,0.030704815
654,53073010702,258,1545,16,0.062015504,0.454989532
655,53073010701,293,2334,14,0.04778157,0.34542917
656,53073001202,137,1484,3,0.02189781,0.090020935
657,53073000902,323,2224,6,0.018575851,0.062107467
658,53073010404,439,3061,41,0.093394077,0.6482903
659,53073000901,327,2008,8,0.024464832,0.11444522
660,53005010803,738,2684,25,0.033875339,0.214235869
661,53005011900,329,2163,64,0.194528875,0.9448709
662,53005011402,388,1937,47,0.121134021,0.771807397
663,53005011001,295,1551,48,0.162711864,0.88555478
664,53005010902,199,1272,38,0.190954774,0.937194696
665,53005011700,330,2283,54,0.163636364,0.889043964
666,53005010901,222,1468,42,0.189189189,0.93440335
667,53005011800,203,2132,20,0.098522167,0.669923238
668,53005011600,30,373,3,0.1,0.676901605
669,53005011300,245,1724,64,0.26122449,0.992323796
670,53005010600,224,1470,25,0.111607143,0.729937195
671,53005010500,141,1009,16,0.113475177,0.740404745
672,53005011401,232,1230,47,0.202586207,0.951849267
673,53005011501,154,2305,11,0.071428571,0.521981856
674,53005011200,221,1702,55,0.248868778,0.988834613
675,53005010100,290,1733,17,0.05862069,0.430565248
676,53005010202,274,1730,36,0.131386861,0.805303559
677,53005010300,378,1763,72,0.19047619,0.935799023
678,53005011100,550,2613,93,0.169090909,0.898813678
679,53005010201,565,1952,29,0.051327434,0.375436148
680,53005010400,345,1605,70,0.202898551,0.952547104
681,53005011002,220,1420,40,0.181818182,0.921144452
682,53005010708,589,907,38,0.064516129,0.47662247
683,53005010701,71,854,11,0.154929577,0.872993719
684,53005010703,130,1175,19,0.146153846,0.851360782
685,53005010814,505,1030,11,0.021782178,0.087927425
686,53005010810,609,1549,28,0.045977011,0.328681089
687,53005010811,760,1240,25,0.032894737,0.201674808
688,53005010807,71,371,3,0.042253521,0.30076762
689,53005010705,428,1821,29,0.067757009,0.497557572
690,53005011504,205,1020,23,0.112195122,0.734822052
691,53005011503,992,3455,86,0.086693548,0.608513608
692,53005010813,1471,3638,74,0.050305914,0.369155618
693,53005010809,314,1762,32,0.101910828,0.683879972
694,53005010707,318,969,9,0.028301887,0.157013259
695,53005010805,491,2136,29,0.059063136,0.435450105
696,53075000700,157,1705,19,0.121019108,0.77110956
697,53075000800,211,1399,20,0.09478673,0.65247732
698,53075001000,95,1113,6,0.063157895,0.464759246
699,53075000200,396,2516,13,0.032828283,0.200976971
700,53075000300,399,2000,14,0.035087719,0.23517097
701,53075000400,148,1485,5,0.033783784,0.213538032
702,53075000600,37,785,0,0,0.011863224
703,53075000100,18,832,0,0,0.011863224
704,53075000900,168,1960,23,0.136904762,0.826936497
705,53065950700,111,1122,16,0.144144144,0.841591068
706,53065950800,122,1508,5,0.040983607,0.290997906
707,53065950900,39,895,3,0.076923077,0.550593161
708,53065950200,121,1526,11,0.090909091,0.631542219
709,53065950300,144,1103,13,0.090277778,0.629448709
710,53065950500,157,885,15,0.095541401,0.655966504
711,53065950600,72,1227,9,0.125,0.781577111
712,53065950100,291,3663,32,0.109965636,0.724354501
713,53065951300,152,2539,16,0.105263158,0.702023726
714,53065951400,451,3130,31,0.068736142,0.504535939
715,53065941000,3,850,0,0,0.011863224
716,53065951100,104,1811,12,0.115384615,0.748080949
717,53033022006,366,1146,14,0.038251366,0.265177948
718,53033032320,277,1589,12,0.0433213,0.307745987
719,53033031703,536,2481,49,0.09141791,0.633635729
720,53033031206,174,1250,28,0.16091954,0.884159107
721,53033032102,345,1901,14,0.04057971,0.28820656
722,53033032210,1238,3480,37,0.029886914,0.17376134
723,53033032211,384,1543,12,0.03125,0.189113747
724,53033032104,400,1469,11,0.0275,0.142358688
725,53033032313,213,1321,5,0.023474178,0.105373343
726,53033032203,608,2541,25,0.041118421,0.293091417
727,53033032703,151,843,4,0.026490066,0.130495464
728,53033032704,906,2247,49,0.054083885,0.397766923
729,53033027300,254,1419,17,0.066929134,0.494766225
730,53033027200,102,812,8,0.078431373,0.561060712
731,53033027100,122,888,12,0.098360656,0.667131891
732,53033027000,181,1162,13,0.071823204,0.524773203
733,53033026802,263,1305,15,0.057034221,0.41311933
734,53033026801,219,1257,11,0.050228311,0.367759944
735,53033026700,276,1766,8,0.028985507,0.163293789
736,53033026600,171,891,4,0.023391813,0.103977669
737,53033000800,162,1023,1,0.00617284,0.016748081
738,53033000700,288,1256,3,0.010416667,0.023028611
739,53033000600,354,2265,6,0.016949153,0.053733426
740,53033000500,221,1354,9,0.040723982,0.289602233
741,53033000402,259,1394,9,0.034749035,0.23098395
742,53033000401,289,1032,4,0.01384083,0.038381019
743,53033000300,190,1002,7,0.036842105,0.247034194
744,53033000200,441,2318,12,0.027210884,0.138869505
745,53033000100,219,1555,9,0.04109589,0.29239358
746,53033032500,421,2091,21,0.049881235,0.365666434
747,53033031907,544,2612,26,0.047794118,0.346824843
748,53033031800,301,1815,10,0.033222591,0.206559665
749,53033032002,208,1245,9,0.043269231,0.307048151
750,53033032003,289,2006,18,0.062283737,0.459176553
751,53033031704,323,1573,22,0.068111455,0.500348918
752,53033032005,551,2452,75,0.136116152,0.82205164
753,53033032006,385,1915,23,0.05974026,0.441032798
754,53033032207,241,1171,4,0.01659751,0.051639916
755,53033021803,411,1333,9,0.02189781,0.090020935
756,53033032602,1291,4060,43,0.033307514,0.207955338
757,53033032702,611,2796,24,0.039279869,0.276343336
758,53033032800,169,1673,11,0.065088757,0.480809491
759,53033026500,278,1213,5,0.017985612,0.058618283
760,53033026400,210,1204,12,0.057142857,0.414515003
761,53033026300,114,553,7,0.061403509,0.451500349
762,53033026200,258,985,12,0.046511628,0.333565946
763,53033026100,339,2100,26,0.076696165,0.548499651
764,53033026001,438,2221,23,0.052511416,0.385903699
765,53033021500,311,1756,10,0.032154341,0.195394278
766,53033021400,208,1519,5,0.024038462,0.1102582
767,53033021300,242,1272,3,0.012396694,0.029309142
768,53033001702,312,1473,9,0.028846154,0.161898116
769,53033004302,16,252,1,0.0625,0.462665736
770,53033004301,134,977,8,0.059701493,0.440334962
771,53033007402,193,161,0,0,0.011863224
772,53033010002,150,1275,5,0.033333333,0.210048849
773,53033010001,183,1225,3,0.016393443,0.049546406
774,53033011002,120,1250,2,0.016666667,0.052337753
775,53033010402,226,1632,6,0.026548673,0.131891137
776,53033010702,401,1155,11,0.027431421,0.140963015
777,53033011402,288,1158,11,0.038194444,0.263782275
778,53033022605,288,1175,8,0.027777778,0.150034892
779,53033022902,424,1970,17,0.04009434,0.283321703
780,53033024602,193,1310,5,0.025906736,0.124214934
781,53033025803,211,969,18,0.085308057,0.601535241
782,53033031601,352,2034,25,0.071022727,0.517794836
783,53033031603,1084,2182,38,0.035055351,0.233775297
784,53033032103,372,1323,8,0.021505376,0.086531752
785,53033025001,270,1629,8,0.02962963,0.16957432
786,53033032401,595,2217,23,0.038655462,0.271458479
787,53033032402,536,2366,16,0.029850746,0.173063503
788,53033031501,219,1591,14,0.063926941,0.471737613
789,53033021100,179,1244,1,0.005586592,0.016050244
790,53033021000,269,1956,8,0.029739777,0.170969993
791,53033020900,226,1046,6,0.026548673,0.131891137
792,53033020800,263,1419,9,0.034220532,0.219120726
793,53033020700,187,991,7,0.037433155,0.255408234
794,53033020600,167,1246,2,0.011976048,0.028611305
795,53033020500,361,2022,10,0.027700831,0.147941382
796,53033011401,281,1221,9,0.03202847,0.193300768
797,53033025302,97,1008,9,0.092783505,0.642707606
798,53033025806,172,1358,11,0.063953488,0.47243545
799,53033027701,241,2661,9,0.037344398,0.254012561
800,53033032326,192,1316,6,0.03125,0.189113747
801,53033032327,310,2117,5,0.016129032,0.046755059
802,53033023404,189,999,6,0.031746032,0.191905094
803,53033023403,271,1344,9,0.033210332,0.205861828
804,53033023804,230,96,6,0.026086957,0.125610607
805,53033023201,135,830,3,0.022222222,0.094905792
806,53033023900,374,2240,7,0.018716578,0.064200977
807,53033032322,226,1178,7,0.030973451,0.18213538
808,53033032321,490,1753,10,0.020408163,0.080949058
809,53033021804,297,1190,13,0.043771044,0.314724355
810,53033022101,341,1631,16,0.046920821,0.337055129
811,53033025003,434,1875,15,0.034562212,0.226099093
812,53033022701,179,515,1,0.005586592,0.016050244
813,53033032008,353,1603,17,0.04815864,0.348918353
814,53033032208,874,2448,24,0.027459954,0.141660851
815,53033020402,318,1972,10,0.031446541,0.191207258
816,53033020401,220,1232,3,0.013636364,0.034891835
817,53033020300,374,1628,10,0.026737968,0.134682484
818,53033020200,297,1766,8,0.026936027,0.136078158
819,53033020100,168,1178,5,0.029761905,0.17166783
820,53033012100,193,1148,6,0.031088083,0.184926727
821,53033023803,199,46,4,0.020100503,0.074668528
822,53033025006,553,1687,22,0.039783002,0.280530356
823,53033025005,434,1186,13,0.029953917,0.17585485
824,53033025602,439,2074,17,0.038724374,0.272854152
825,53033029206,46,626,6,0.130434783,0.802512212
826,53033029102,228,1306,10,0.043859649,0.315422191
827,53033029101,265,894,18,0.067924528,0.498953245
828,53033030006,83,456,9,0.108433735,0.720167481
829,53033030314,263,987,31,0.117870722,0.76064201
830,53033030313,157,1020,26,0.165605096,0.893230984
831,53033031605,279,1422,18,0.064516129,0.47662247
832,53033024100,224,1843,2,0.008928571,0.020935101
833,53033022703,146,827,2,0.01369863,0.037683182
834,53033024200,113,1261,1,0.008849558,0.020237264
835,53033022203,467,1688,14,0.029978587,0.176552687
836,53033024800,285,1618,0,0,0.011863224
837,53033024902,251,1298,5,0.019920319,0.073970691
838,53033024903,354,2271,7,0.019774011,0.071179344
839,53033025102,499,2368,21,0.042084168,0.297278437
840,53033031903,445,2537,21,0.047191011,0.339148639
841,53033031904,245,1329,13,0.053061224,0.389392882
842,53033031906,334,1418,6,0.017964072,0.057920447
843,53033031301,126,959,11,0.087301587,0.616189812
844,53033031100,288,2130,54,0.1875,0.930914166
845,53033031000,485,1347,32,0.065979381,0.487090021
846,53033030902,252,1705,39,0.154761905,0.872295883
847,53033030901,213,1238,49,0.230046948,0.980460572
848,53033030802,224,1020,43,0.191964286,0.939986043
849,53033030801,64,2141,14,0.21875,0.970690858
850,53033012000,292,1517,8,0.02739726,0.140265178
851,53033011900,372,2516,16,0.043010753,0.306350314
852,53033010900,186,503,2,0.010752688,0.023726448
853,53033010800,391,1661,7,0.017902813,0.05722261
854,53033010600,763,2718,21,0.027522936,0.143056525
855,53033010500,491,1992,7,0.014256619,0.039776692
856,53033010300,389,1821,11,0.028277635,0.156315422
857,53033031604,611,1775,32,0.052373159,0.383810188
858,53033032011,475,1462,20,0.042105263,0.297976274
859,53033031706,495,1960,41,0.082828283,0.583391486
860,53033032215,473,1485,25,0.052854123,0.387997209
861,53033032329,464,2362,19,0.040948276,0.29030007
862,53033032328,220,1151,13,0.059090909,0.436845778
863,53033001701,297,1006,6,0.02020202,0.076064201
864,53033007401,210,268,9,0.042857143,0.305652477
865,53033032317,471,1955,23,0.048832272,0.35589672
866,53033032315,415,2136,13,0.031325301,0.189811584
867,53033032319,285,1202,16,0.056140351,0.41102582
868,53033021906,464,1188,18,0.038793103,0.274249826
869,53033021905,418,1717,13,0.031100478,0.185624564
870,53033032307,396,2384,11,0.027777778,0.150034892
871,53033032311,411,2086,15,0.03649635,0.242149337
872,53033032324,353,1447,11,0.031161473,0.186322401
873,53033022801,290,1564,6,0.020689655,0.083042568
874,53033030700,212,1414,37,0.174528302,0.907885555
875,53033030600,317,1838,46,0.14511041,0.847173761
876,53033030504,208,1495,23,0.110576923,0.726448011
877,53033030503,263,1526,27,0.102661597,0.690858339
878,53033030501,33,380,5,0.151515152,0.864619679
879,53033030404,290,1632,20,0.068965517,0.507327285
880,53033010200,275,1899,3,0.010909091,0.025122121
881,53033010100,397,2232,6,0.01511335,0.043265876
882,53033009900,711,1675,18,0.025316456,0.121423587
883,53033009800,518,2470,16,0.030888031,0.180739707
884,53033009702,394,2184,9,0.02284264,0.099092812
885,53033009701,457,1959,17,0.037199125,0.252616888
886,53033009600,419,1955,13,0.031026253,0.182833217
887,53033010401,215,1458,3,0.013953488,0.039078856
888,53033010701,307,1087,7,0.022801303,0.098394976
889,53033011001,103,1261,2,0.019417476,0.069783671
890,53033025301,261,1488,17,0.0651341,0.481507327
891,53033025601,205,1539,4,0.019512195,0.070481507
892,53033025805,285,1083,28,0.098245614,0.666434054
893,53033022803,120,849,4,0.033333333,0.210048849
894,53033023202,243,761,6,0.024691358,0.117934403
895,53033031205,462,1882,36,0.077922078,0.555478018
896,53033031502,545,1651,72,0.132110092,0.808792742
897,53033022005,275,1435,8,0.029090909,0.165387299
898,53033021802,345,1764,16,0.046376812,0.332170272
899,53033021904,362,1400,8,0.022099448,0.092812282
900,53033030403,276,1717,30,0.108695652,0.721563154
901,53033030401,565,2861,31,0.054867257,0.40474529
902,53033030312,203,1430,24,0.118226601,0.761339846
903,53033030311,273,1550,36,0.131868132,0.808094906
904,53033030310,304,1331,23,0.075657895,0.544312631
905,53033009500,405,2358,14,0.034567901,0.22679693
906,53033009400,544,2057,7,0.012867647,0.032798325
907,53033009300,191,414,3,0.015706806,0.044661549
908,53033009200,63,10,0,0,0.011863224
909,53033009100,12,195,0,0,0.011863224
910,53033009000,182,686,4,0.021978022,0.090718772
911,53033008900,383,1684,3,0.007832898,0.019539428
912,53033008800,247,1332,5,0.020242915,0.076762038
913,53033029205,354,1164,43,0.121468927,0.77320307
914,53033030005,203,1636,30,0.147783251,0.855547802
915,53033031705,334,1413,23,0.068862275,0.505931612
916,53033032010,679,1958,29,0.042709867,0.304256804
917,53033032213,378,1383,20,0.052910053,0.388695045
918,53033032214,582,1894,29,0.049828179,0.364968597
919,53033022300,259,1077,7,0.027027027,0.136775994
920,53033022400,589,2736,11,0.018675722,0.06350314
921,53033022901,121,1022,5,0.041322314,0.293789253
922,53033022606,422,1804,10,0.023696682,0.106071179
923,53033022702,231,1177,8,0.034632035,0.228192603
924,53033023000,307,1886,10,0.03257329,0.198883461
925,53033030309,241,1763,29,0.12033195,0.768318214
926,53033030308,246,1775,20,0.081300813,0.575017446
927,53033030306,384,1907,43,0.111979167,0.732728542
928,53033030305,400,1951,47,0.1175,0.757850663
929,53033008700,324,1210,9,0.027777778,0.150034892
930,53033011800,335,2040,10,0.029850746,0.173063503
931,53033011700,250,1653,7,0.028,0.154221912
932,53033011600,525,2876,9,0.017142857,0.054431263
933,53033011500,393,1691,7,0.017811705,0.056524773
934,53033011300,430,1738,12,0.027906977,0.153524075
935,53033011200,200,1189,12,0.06,0.442428472
936,53033011102,194,1190,5,0.025773196,0.123517097
937,53033032212,590,2347,15,0.025423729,0.122121424
938,53033023100,203,1411,5,0.024630542,0.11653873
939,53033023603,206,1372,9,0.04368932,0.312630844
940,53033023300,309,2132,7,0.022653722,0.097697139
941,53033023401,150,1093,8,0.053333333,0.392184229
942,53033023500,186,1350,7,0.037634409,0.257501745
943,53033030304,200,998,25,0.125,0.781577111
944,53033030202,338,1939,54,0.159763314,0.882065597
945,53033030201,323,1778,51,0.157894737,0.87927425
946,53033030100,433,3066,29,0.066974596,0.495464061
947,53033030004,266,1337,35,0.131578947,0.806001396
948,53033030003,429,1926,44,0.102564103,0.690160502
949,53033011101,188,1179,1,0.005319149,0.014654571
950,53033008600,146,649,2,0.01369863,0.037683182
951,53033008500,26,178,1,0.038461538,0.268667132
952,53033008400,153,103,1,0.006535948,0.017445918
953,53033008300,151,47,3,0.01986755,0.072575017
954,53033008200,75,85,6,0.08,0.570830426
955,53033008100,175,66,6,0.034285714,0.220516399
956,53033008002,103,82,2,0.019417476,0.069783671
957,53033008001,539,313,11,0.020408163,0.080949058
958,53033007900,315,1075,5,0.015873016,0.045359386
959,53033007800,363,2097,8,0.022038567,0.091416609
960,53033007700,471,1730,13,0.027600849,0.146545708
961,53033023601,209,972,7,0.033492823,0.211444522
962,53033024601,246,1665,5,0.020325203,0.079553385
963,53033023604,223,1557,11,0.049327354,0.360781577
964,53033023700,270,1207,9,0.033333333,0.210048849
965,53033029902,460,1562,27,0.058695652,0.431263084
966,53033029901,248,1637,37,0.149193548,0.860432659
967,53033029802,597,3016,49,0.082077052,0.581297976
968,53033029801,264,1745,22,0.083333333,0.589672017
969,53033029700,418,1973,39,0.093301435,0.646894627
970,53033029602,536,1772,30,0.055970149,0.410327983
971,53033029601,360,1769,27,0.075,0.540125611
972,53033029504,231,1020,25,0.108225108,0.717376134
973,53033007600,239,847,5,0.020920502,0.084438241
974,53033007500,364,1219,4,0.010989011,0.025819958
975,53033007300,237,44,3,0.012658228,0.030006978
976,53033007200,523,71,12,0.022944551,0.100488486
977,53033007100,181,119,3,0.016574586,0.05094208
978,53033007000,353,615,10,0.028328612,0.157711096
979,53033006900,386,1508,12,0.031088083,0.184926727
980,53033006800,171,929,4,0.023391813,0.103977669
981,53033006700,487,1026,7,0.014373717,0.041172366
982,53033006600,169,688,3,0.017751479,0.055826936
983,53033006500,349,1230,10,0.028653295,0.160502442
984,53033023801,161,765,3,0.01863354,0.062805304
985,53033024000,446,2457,7,0.015695067,0.043963712
986,53033024701,157,1187,2,0.012738854,0.031402652
987,53033024901,209,1724,3,0.014354067,0.040474529
988,53033024702,563,2520,20,0.035523979,0.23726448
989,53033021700,581,2160,13,0.022375215,0.096999302
990,53033022001,325,1468,6,0.018461538,0.06140963
991,53033029503,294,778,29,0.098639456,0.670621075
992,53033029502,457,2121,27,0.059080963,0.436147941
993,53033029408,158,978,19,0.120253165,0.767620377
994,53033029407,208,982,16,0.076923077,0.550593161
995,53033029406,255,1577,27,0.105882353,0.706210747
996,53033029405,299,1785,20,0.066889632,0.494068388
997,53033006400,175,1199,5,0.028571429,0.159804606
998,53033006300,251,1657,4,0.015936255,0.046057223
999,53033006200,251,1444,6,0.023904382,0.108862526
1000,53033006100,366,1615,13,0.035519126,0.236566643
1001,53033006000,386,1700,12,0.031088083,0.184926727
1002,53033005801,395,1294,12,0.030379747,0.17794836
1003,53033005700,560,2411,13,0.023214286,0.102581996
1004,53033026002,292,1637,16,0.054794521,0.404047453
1005,53033025804,230,1292,12,0.052173913,0.382414515
1006,53033031909,164,971,6,0.036585366,0.24354501
1007,53033031908,240,917,20,0.083333333,0.589672017
1008,53033022102,417,1980,16,0.038369305,0.266573622
1009,53033022500,724,1960,14,0.019337017,0.068387997
1010,53033029403,226,1513,14,0.061946903,0.454291696
1011,53033029307,218,1378,11,0.050458716,0.370551291
1012,53033029306,236,1110,11,0.046610169,0.334961619
1013,53033028902,189,1337,16,0.084656085,0.596650384
1014,53033028901,211,995,19,0.090047393,0.628053036
1015,53033028802,153,1450,12,0.078431373,0.561060712
1016,53033028801,114,577,16,0.140350877,0.833914864
1017,53033005600,544,2701,26,0.047794118,0.346824843
1018,53033005400,345,1675,7,0.020289855,0.077459874
1019,53033005301,8,184,0,0,0.011863224
1020,53033005200,187,1015,6,0.032085561,0.194696441
1021,53033005100,173,1471,2,0.011560694,0.027913468
1022,53033005000,225,884,3,0.013333333,0.033496162
1023,53033004900,478,1571,12,0.025104603,0.12072575
1024,53033004800,413,1960,7,0.016949153,0.053733426
1025,53033004700,629,1175,7,0.011128776,0.026517795
1026,53033022603,447,1647,10,0.022371365,0.096301465
1027,53033022604,418,1636,11,0.026315789,0.129099791
1028,53033024300,387,1958,8,0.020671835,0.082344731
1029,53033024400,106,480,1,0.009433962,0.021632938
1030,53033024500,302,1798,10,0.033112583,0.203768318
1031,53033028700,399,1815,23,0.05764411,0.420795534
1032,53033028600,412,2244,12,0.029126214,0.166782973
1033,53033028500,216,923,14,0.064814815,0.480111654
1034,53033028403,180,1217,13,0.072222222,0.526866713
1035,53033028402,131,960,7,0.053435115,0.392882066
1036,53033028300,309,1737,17,0.055016181,0.406140963
1037,53033004600,173,1348,6,0.034682081,0.230286113
1038,53033004500,150,1008,6,0.04,0.281926029
1039,53033004400,128,1285,3,0.0234375,0.104675506
1040,53033004200,464,2875,13,0.028017241,0.154919749
1041,53033004100,370,2688,9,0.024324324,0.11235171
1042,53033004000,175,702,6,0.034285714,0.220516399
1043,53033003900,149,1064,3,0.020134228,0.075366364
1044,53033003800,117,759,4,0.034188034,0.218422889
1045,53033025701,285,1135,25,0.087719298,0.617585485
1046,53033022802,307,1549,5,0.016286645,0.048150733
1047,53033032309,235,790,3,0.012765957,0.032100488
1048,53033032325,273,1586,9,0.032967033,0.202372645
1049,53033028200,135,923,7,0.051851852,0.380321005
1050,53033028100,58,467,5,0.086206897,0.607117934
1051,53033028000,71,293,3,0.042253521,0.30076762
1052,53033027900,338,2194,7,0.020710059,0.083740405
1053,53033027800,206,1378,7,0.033980583,0.215631542
1054,53033027702,202,2789,13,0.064356436,0.47452896
1055,53033005900,444,2056,6,0.013513514,0.034193999
1056,53033005802,418,1418,12,0.028708134,0.161200279
1057,53033003600,340,1544,1,0.002941176,0.012561061
1058,53033003500,244,1351,4,0.016393443,0.049546406
1059,53033003400,237,1480,7,0.029535865,0.168876483
1060,53033003300,692,2291,17,0.024566474,0.115840893
1061,53033003200,584,2679,19,0.032534247,0.197487788
1062,53033003100,437,2540,15,0.034324943,0.221912073
1063,53033025400,246,1591,13,0.052845528,0.387299372
1064,53033025500,232,1297,11,0.047413793,0.341939986
1065,53033025702,263,1186,10,0.038022814,0.260990928
1066,53033032316,382,1902,13,0.034031414,0.216329379
1067,53033032318,594,1905,26,0.043771044,0.314724355
1068,53033031202,276,2305,17,0.061594203,0.452896022
1069,53033031204,364,2341,31,0.085164835,0.600139567
1070,53033031302,318,1673,23,0.072327044,0.528262387
1071,53033032601,156,1203,8,0.051282051,0.374738311
1072,53033027600,149,1004,6,0.040268456,0.285415213
1073,53033029305,252,1313,13,0.051587302,0.376831821
1074,53033029304,406,1582,14,0.034482759,0.225401256
1075,53033029303,448,2433,25,0.055803571,0.407536636
1076,53033029204,325,1472,20,0.061538462,0.452198186
1077,53033003000,534,2220,13,0.024344569,0.113049546
1078,53033002900,320,1667,11,0.034375,0.222609909
1079,53033002800,369,1767,7,0.01897019,0.066294487
1080,53033002700,375,2179,11,0.029333333,0.167480809
1081,53033002600,228,1689,6,0.026315789,0.129099791
1082,53033002500,209,1161,2,0.009569378,0.022330775
1083,53033002400,150,1203,1,0.006666667,0.018143754
1084,53033002200,314,2134,12,0.038216561,0.264480112
1085,53033002100,275,1529,8,0.029090909,0.165387299
1086,53033002000,246,1246,6,0.024390244,0.113747383
1087,53033031400,504,2022,36,0.071428571,0.521981856
1088,53033032007,395,1349,21,0.053164557,0.390090719
1089,53033025101,240,1725,13,0.054166667,0.400558269
1090,53033025200,498,2849,23,0.046184739,0.330774599
1091,53033022003,260,1680,3,0.011538462,0.027215632
1092,53033022201,283,1462,7,0.024734982,0.11863224
1093,53033029203,110,563,9,0.081818182,0.58060014
1094,53033029004,113,776,18,0.159292035,0.88136776
1095,53033029003,240,1364,15,0.0625,0.462665736
1096,53033029001,423,1434,27,0.063829787,0.47034194
1097,53033027500,253,1444,16,0.063241107,0.46615492
1098,53033027400,258,1665,17,0.065891473,0.486392184
1099,53033001900,251,1294,5,0.019920319,0.073970691
1100,53033001800,464,1870,5,0.010775862,0.024424285
1101,53033001600,344,1630,9,0.026162791,0.126308444
1102,53033001500,177,1073,6,0.033898305,0.214933706
1103,53033001400,362,1841,9,0.024861878,0.120027913
1104,53033001300,274,1305,4,0.01459854,0.041870202
1105,53033001200,188,1001,1,0.005319149,0.014654571
1106,53033001100,132,907,1,0.007575758,0.018841591
1107,53033001000,105,607,2,0.019047619,0.066992324
1108,53033000900,109,891,4,0.036697248,0.244242847
1109,53033022202,463,1861,12,0.025917927,0.12491277
1110,53033032323,297,1601,11,0.037037037,0.251221214
1111,53033021600,327,1591,6,0.018348624,0.060013957
1112,53033021903,298,1509,8,0.026845638,0.135380321
1113,53023970300,102,1216,12,0.117647059,0.759246336
1114,53071920000,144,1776,14,0.097222222,0.663642708
1115,53071920100,178,2090,23,0.129213483,0.798325192
1116,53071920200,246,1415,18,0.073170732,0.53175157
1117,53071920300,415,3349,31,0.074698795,0.537334264
1118,53071920500,62,970,8,0.129032258,0.797627355
1119,53071920600,227,2003,25,0.110132159,0.725750174
1120,53071920900,548,3449,32,0.058394161,0.429867411
1121,53071920702,311,1891,21,0.067524116,0.496859735
1122,53071920801,278,1622,32,0.115107914,0.746685276
1123,53071920701,140,1310,9,0.064285714,0.473831124
1124,53071920802,77,883,9,0.116883117,0.752965806
1125,53001950200,46,789,8,0.173913043,0.907187718
1126,53001950300,88,1893,11,0.125,0.781577111
1127,53001950400,161,744,24,0.149068323,0.859734822
1128,53001950500,184,1336,30,0.163043478,0.886252617
1129,53001950100,147,1062,28,0.19047619,0.935799023
1130,53029971400,302,2309,10,0.033112583,0.203768318
1131,53029971500,265,2003,19,0.071698113,0.522679693
1132,53029971600,334,1823,34,0.101796407,0.682484299
1133,53061041304,203,981,9,0.044334975,0.318213538
1134,53061041704,287,1249,8,0.027874564,0.152826239
1135,53061051927,539,1714,13,0.024118738,0.111653873
1136,53061041703,615,1908,20,0.032520325,0.196789951
1137,53053063300,536,2388,120,0.223880597,0.976971389
1138,53029971700,315,2451,31,0.098412698,0.667829728
1139,53029971000,304,2196,13,0.042763158,0.304954641
1140,53029971100,256,1841,12,0.046875,0.336357292
1141,53029971300,346,3071,8,0.023121387,0.101186322
1142,53029970100,179,1250,6,0.033519553,0.212142359
1143,53029970200,7,181,0,0,0.011863224
1144,53029970300,305,2271,16,0.052459016,0.385205862
1145,53029970400,479,2337,22,0.045929019,0.327983252
1146,53029970500,733,2331,24,0.032742156,0.200279135
1147,53029970700,187,772,5,0.026737968,0.134682484
1148,53029970800,267,1023,9,0.033707865,0.212840195
1149,53061041606,397,1247,16,0.040302267,0.28611305
1150,53061040900,207,1060,10,0.048309179,0.351011863
1151,53061041608,513,2275,19,0.037037037,0.251221214
1152,53061041601,414,2056,18,0.043478261,0.310537334
1153,53061041806,279,1720,31,0.111111111,0.728541521
1154,53061041905,149,1150,12,0.080536913,0.573621773
1155,53029970900,4,1599,0,0,0.011863224
1156,53029971800,163,1860,8,0.049079755,0.357292394
1157,53029971900,195,2314,13,0.066666667,0.492672715
1158,53029972000,204,2197,7,0.034313725,0.221214236
1159,53029972100,203,2101,12,0.0591133,0.437543615
1160,53029970601,283,1153,9,0.03180212,0.192602931
1161,53029970602,290,1095,8,0.027586207,0.145847872
1162,53027000800,207,1743,35,0.169082126,0.898115841
1163,53027000900,278,2355,76,0.273381295,0.995115143
1164,53027001000,110,988,33,0.3,0.99581298
1165,53027001100,269,1612,40,0.148698885,0.858339149
1166,53027001300,148,1478,22,0.148648649,0.857641312
1167,53027001400,111,865,28,0.252252252,0.990230286
1168,53027001500,209,1497,44,0.210526316,0.960921144
1169,53027001200,246,1709,46,0.18699187,0.930216329
1170,53027000500,342,2428,58,0.169590643,0.901605024
1171,53027000300,91,1625,16,0.175824176,0.912770412
1172,53027000600,322,1474,44,0.136645963,0.82414515
1173,53027000700,148,1916,22,0.148648649,0.857641312
1174,53027000200,911,6341,71,0.077936334,0.556175855
1175,53027001600,185,3108,21,0.113513514,0.741102582
1176,53027000400,364,2712,35,0.096153846,0.657362177
1177,53061041904,148,678,13,0.087837838,0.618981158
1178,53061041701,287,1471,14,0.048780488,0.355198883
1179,53055960500,67,3224,3,0.044776119,0.322400558
1180,53055960100,180,4555,13,0.072222222,0.526866713
1181,53055960400,134,1537,15,0.111940299,0.732030705
1182,53055960300,192,3841,11,0.057291667,0.41730635
1183,53059950200,230,1991,19,0.082608696,0.58269365
1184,53059950100,7,429,0,0,0.011863224
1185,53059950300,120,860,9,0.075,0.540125611
1186,53059950400,63,1088,3,0.047619048,0.344731333
1187,53059950500,106,1100,11,0.103773585,0.697836706
1188,53061041811,673,1513,23,0.034175334,0.217725052
1189,53061052706,493,2016,43,0.087221095,0.615491975
1190,53061052707,538,1365,41,0.076208178,0.547103978
1191,53061051804,469,1437,18,0.038379531,0.267271458
1192,53061051803,285,961,13,0.045614035,0.325889742
1193,53061041812,535,1011,25,0.046728972,0.335659456
1194,53061053602,504,2690,65,0.128968254,0.796231682
1195,53061040700,215,948,19,0.088372093,0.621074669
1196,53061041903,247,1305,33,0.133603239,0.812281926
1197,53061052206,362,1651,14,0.038674033,0.272156315
1198,53061041301,399,1654,11,0.027568922,0.144452198
1199,53061053505,569,2041,42,0.073813708,0.534542917
1200,53061053700,222,1532,39,0.175675676,0.912072575
1201,53061042001,340,1876,10,0.029411765,0.168178646
1202,53061042003,223,1251,11,0.049327354,0.360781577
1203,53061050200,287,1644,8,0.027874564,0.152826239
1204,53061050500,484,1877,10,0.020661157,0.081646895
1205,53061050600,95,457,7,0.073684211,0.53384508
1206,53061050700,297,1773,12,0.04040404,0.287508723
1207,53061051000,243,1002,9,0.037037037,0.251221214
1208,53061041400,417,1994,38,0.091127098,0.632240056
1209,53061041607,245,1305,7,0.028571429,0.159804606
1210,53061041000,324,1875,30,0.092592593,0.641311933
1211,53061051913,274,1566,5,0.018248175,0.05931612
1212,53061051100,260,1383,17,0.065384615,0.483600837
1213,53061051300,386,2046,17,0.044041451,0.316120028
1214,53061051400,277,1313,15,0.054151625,0.399860433
1215,53061051500,232,1589,11,0.047413793,0.341939986
1216,53061051701,232,1347,14,0.060344828,0.444521982
1217,53061051601,241,1367,15,0.062240664,0.457780879
1218,53061052603,388,799,12,0.030927835,0.181437544
1219,53061052203,948,1774,36,0.037974684,0.260293091
1220,53061051905,362,2658,12,0.033149171,0.205163992
1221,53061051916,403,1283,20,0.049627792,0.362177251
1222,53061052007,363,1664,14,0.038567493,0.270760642
1223,53061051917,256,1597,7,0.02734375,0.139567341
1224,53061052005,627,1699,17,0.027113238,0.137473831
1225,53061050300,349,2137,16,0.045845272,0.327285415
1226,53061050401,435,2549,12,0.027586207,0.145847872
1227,53061050402,356,1770,13,0.036516854,0.242847174
1228,53061050800,459,2242,10,0.021786492,0.088625262
1229,53061051914,246,1597,5,0.020325203,0.079553385
1230,53061052604,694,1540,62,0.089337176,0.624563852
1231,53061052607,647,2111,35,0.054095827,0.398464759
1232,53061052903,186,1263,36,0.193548387,0.943475227
1233,53061053302,576,2219,33,0.057291667,0.41730635
1234,53061053301,647,2149,73,0.112828439,0.736217725
1235,53061053201,253,1611,15,0.059288538,0.438939288
1236,53061050900,150,967,8,0.053333333,0.392184229
1237,53061042004,282,1576,6,0.021276596,0.085833915
1238,53061051702,211,1340,4,0.018957346,0.06559665
1239,53061051915,643,2541,23,0.035769829,0.237962317
1240,53061051802,349,1542,6,0.017191977,0.0551291
1241,53061052004,381,1930,14,0.036745407,0.245638521
1242,53061051200,242,1434,4,0.016528926,0.050244243
1243,53061042005,323,1869,14,0.043343653,0.308443824
1244,53061052006,290,1530,15,0.051724138,0.379623168
1245,53061040200,204,1487,29,0.142156863,0.836706211
1246,53061040100,224,1587,9,0.040178571,0.284717376
1247,53061040300,215,1188,17,0.079069767,0.565247732
1248,53061040800,155,656,9,0.058064516,0.427076064
1249,53061040400,205,1426,19,0.092682927,0.64200977
1250,53061041202,327,1672,44,0.134556575,0.818562456
1251,53061041201,177,1228,15,0.084745763,0.597348221
1252,53061041100,301,1756,23,0.07641196,0.547801814
1253,53061041500,289,557,8,0.027681661,0.147243545
1254,53061041805,318,1568,32,0.100628931,0.678297278
1255,53061051602,165,1470,8,0.048484848,0.352407537
1256,53061042006,259,616,14,0.054054054,0.397069086
1257,53061052606,288,1796,14,0.048611111,0.35380321
1258,53061052605,532,1915,34,0.063909774,0.471039777
1259,53061051912,116,883,6,0.051724138,0.379623168
1260,53061052401,263,1491,17,0.064638783,0.478018144
1261,53061052107,697,1656,26,0.037302726,0.253314724
1262,53061052108,360,2246,16,0.044444444,0.319609211
1263,53061052904,296,1892,34,0.114864865,0.744591766
1264,53025010100,119,2224,7,0.058823529,0.433356595
1265,53025010300,148,1992,19,0.128378378,0.794836008
1266,53025010400,513,2810,66,0.128654971,0.795533845
1267,53025011200,290,1975,34,0.117241379,0.755757153
1268,53025010700,53,1444,2,0.037735849,0.258199581
1269,53025010200,137,1174,14,0.102189781,0.685973482
1270,53025010800,113,1265,29,0.256637168,0.99162596
1271,53025011000,1032,3985,134,0.129844961,0.799720865
1272,53025011100,528,2707,77,0.145833333,0.849965108
1273,53025010500,102,1670,5,0.049019608,0.356594557
1274,53025010600,408,1956,63,0.154411765,0.870900209
1275,53025011300,99,1214,20,0.202020202,0.951151431
1276,53025010902,571,3504,94,0.164623468,0.891137474
1277,53025010901,55,485,6,0.109090909,0.722260991
1278,53025011402,155,3295,32,0.206451613,0.957431961
1279,53025011401,26,761,4,0.153846154,0.870202373
1280,53061041605,355,1783,17,0.047887324,0.34752268
1281,53061052207,372,2047,13,0.034946237,0.232379623
1282,53061052204,400,1625,41,0.1025,0.688764829
1283,53061053802,613,2049,102,0.16639478,0.894626657
1284,53061041901,229,1543,12,0.052401747,0.384508025
1285,53061052104,373,1490,28,0.075067024,0.540823447
1286,53061052105,117,664,7,0.05982906,0.441730635
1287,53061052301,380,1827,17,0.044736842,0.321004885
1288,53061052302,272,1375,5,0.018382353,0.060711793
1289,53061052504,193,968,12,0.062176166,0.457083043
1290,53061052503,982,2645,88,0.089613035,0.626657362
1291,53061052705,929,2671,92,0.099031216,0.672016748
1292,53061052502,405,1778,11,0.027160494,0.138171668
1293,53061053102,281,1870,20,0.071174377,0.518492673
1294,53061053101,216,1336,18,0.083333333,0.589672017
1295,53061053202,349,1935,22,0.063037249,0.46406141
1296,53061053400,324,2139,21,0.064814815,0.480111654
1297,53061053504,389,1922,51,0.131105398,0.804605722
1298,53061052701,116,583,11,0.094827586,0.653175157
1299,53061052806,582,2513,91,0.156357388,0.87718074
1300,53061052803,599,2135,107,0.178631052,0.917655269
1301,53061052804,488,2522,70,0.143442623,0.839497558
1302,53061940001,266,2501,34,0.127819549,0.791346825
1303,53061940002,117,1609,12,0.102564103,0.690160502
1304,53061053506,337,2223,37,0.109792285,0.722958828
1305,53061053801,212,2040,20,0.094339623,0.651779484
1306,53061053803,573,2185,97,0.169284468,0.900907188
1307,53061050102,332,1201,19,0.057228916,0.41521284
1308,53061050101,173,965,6,0.034682081,0.230286113
1309,53061051918,589,1767,13,0.022071307,0.092114445
1310,53061052112,213,955,11,0.051643192,0.378227495
1311,53061052113,215,1121,12,0.055813953,0.408234473
1312,53061052402,225,1345,10,0.044444444,0.319609211
1313,53061052805,283,1642,38,0.134275618,0.817166783
1314,53061041808,156,1070,20,0.128205128,0.793440335
1315,53063002100,211,1002,29,0.137440758,0.82833217
1316,53063002300,306,2030,30,0.098039216,0.665038381
1317,53063002400,36,397,8,0.222222222,0.974180042
1318,53063002500,127,1703,22,0.173228346,0.905094208
1319,53063002600,350,1786,60,0.171428571,0.903698535
1320,53063002900,283,1291,37,0.130742049,0.803907886
1321,53063003000,202,968,35,0.173267327,0.905792045
1322,53063003100,300,1767,22,0.073333333,0.532449407
1323,53063003200,68,390,6,0.088235294,0.620376832
1324,53063003500,45,61,1,0.022222222,0.094905792
1325,53063003600,127,756,5,0.039370079,0.277041172
1326,53063004000,215,1564,9,0.041860465,0.2965806
1327,53063004100,119,832,6,0.050420168,0.369853454
1328,53063004200,336,2053,8,0.023809524,0.107466853
1329,53063004300,197,1367,6,0.030456853,0.178646197
1330,53063004400,297,1782,14,0.047138047,0.338450803
1331,53063004500,259,1532,13,0.05019305,0.367062107
1332,53063004601,172,1490,9,0.052325581,0.383112352
1333,53063004700,395,2181,31,0.078481013,0.561758548
1334,53069950100,212,2010,22,0.103773585,0.697836706
1335,53063011000,235,1360,26,0.110638298,0.727145848
1336,53063011102,110,813,10,0.090909091,0.631542219
1337,53063012901,191,1047,23,0.120418848,0.769713887
1338,53063012902,470,2406,33,0.070212766,0.514305652
1339,53063014200,107,1357,9,0.08411215,0.593859037
1340,53063013300,190,1170,7,0.036842105,0.247034194
1341,53063010304,248,2192,25,0.100806452,0.678995115
1342,53063010305,601,2157,20,0.03327787,0.207257502
1343,53063011702,148,1204,15,0.101351351,0.680390789
1344,53063010401,404,1505,32,0.079207921,0.566643405
1345,53063010402,294,2730,17,0.057823129,0.422889044
1346,53063011701,117,816,16,0.136752137,0.825540823
1347,53063014400,355,1850,58,0.163380282,0.886950454
1348,53063014500,97,581,18,0.18556701,0.928820656
1349,53063010503,585,2574,21,0.035897436,0.240055827
1350,53063004602,291,1206,22,0.075601375,0.543614794
1351,53063010202,409,2500,17,0.041564792,0.295882763
1352,53063010301,425,1562,37,0.087058824,0.612700628
1353,53063010504,189,1383,12,0.063492063,0.468946267
1354,53063010303,151,1171,6,0.039735099,0.279832519
1355,53063004800,237,1232,5,0.021097046,0.085136078
1356,53063013201,423,2892,28,0.066193853,0.487787858
1357,53063013202,966,3400,41,0.042443064,0.30286113
1358,53063013500,954,3171,44,0.046121593,0.330076762
1359,53063003900,98,1051,6,0.06122449,0.450104676
1360,53063013900,362,2126,30,0.082872928,0.58478716
1361,53063014002,228,1237,23,0.100877193,0.679692952
1362,53063014100,657,2348,36,0.054794521,0.404047453
1363,53063014001,140,1397,13,0.092857143,0.643405443
1364,53063010100,372,2759,18,0.048387097,0.3517097
1365,53063014300,159,1341,26,0.163522013,0.888346127
1366,53063004900,275,2114,10,0.036363636,0.2414515
1367,53063000900,473,2380,80,0.169133192,0.899511514
1368,53063001000,464,2456,52,0.112068966,0.734124215
1369,53063003800,120,622,10,0.083333333,0.589672017
1370,53063010602,603,2701,27,0.044776119,0.322400558
1371,53063011101,182,893,18,0.098901099,0.671318911
1372,53063010700,853,2383,19,0.022274326,0.095603629
1373,53063011201,202,1896,16,0.079207921,0.566643405
1374,53063011202,187,1685,20,0.106951872,0.711095604
1375,53063011300,655,2338,23,0.035114504,0.235868807
1376,53063011400,434,2082,37,0.085253456,0.600837404
1377,53063011500,108,630,22,0.203703704,0.954640614
1378,53063012200,185,1024,33,0.178378378,0.916957432
1379,53063012300,457,2236,45,0.098468271,0.668527565
1380,53063012402,463,2097,23,0.049676026,0.363572924
1381,53063012401,294,1522,11,0.037414966,0.254710398
1382,53063013000,778,2026,30,0.038560411,0.270062805
1383,53063013100,1150,4028,81,0.070434783,0.515003489
1384,53063013401,447,1840,16,0.035794183,0.238660154
1385,53063010201,191,1627,19,0.09947644,0.674110258
1386,53063005000,123,885,2,0.016260163,0.047452896
1387,53063013600,289,1618,18,0.062283737,0.459176553
1388,53063013700,246,840,5,0.020325203,0.079553385
1389,53063010800,68,628,3,0.044117647,0.317515701
1390,53063010900,228,1450,11,0.048245614,0.350314027
1391,53063012000,272,1471,28,0.102941176,0.692951849
1392,53063012100,198,1129,35,0.176767677,0.915561759
1393,53063012500,134,947,20,0.149253731,0.861130495
1394,53063012802,199,1229,19,0.095477387,0.65457083
1395,53063010501,485,2529,18,0.037113402,0.251919051
1396,53063011600,121,749,13,0.107438017,0.712491277
1397,53063011800,189,944,25,0.132275132,0.809490579
1398,53063011900,210,1334,30,0.142857143,0.838799721
1399,53063012600,222,1394,42,0.189189189,0.93440335
1400,53063012701,190,1241,11,0.057894737,0.424982554
1401,53013960200,192,2039,15,0.078125,0.557571528
1402,53047970800,104,1910,12,0.115384615,0.748080949
1403,53047970500,54,1400,2,0.037037037,0.251221214
1404,53047970900,107,2385,7,0.065420561,0.484298674
1405,53047971000,170,2494,12,0.070588235,0.515701326
1406,53047970700,126,1947,23,0.182539683,0.921842289
1407,53047970600,320,2380,47,0.146875,0.853454292
1408,53047970300,199,4845,28,0.140703518,0.835310537
1409,53047970400,105,1574,8,0.076190476,0.546406141
1410,53047940100,41,1167,7,0.170731707,0.903000698
1411,53047940200,12,1207,3,0.25,0.989532449
1412,53063012702,127,824,13,0.102362205,0.686671319
1413,53063012801,229,1469,31,0.135371179,0.821353803
1414,53063000200,348,1622,82,0.235632184,0.982554082
1415,53063000300,496,2213,122,0.245967742,0.988136776
1416,53063000400,331,1435,61,0.18429003,0.926029309
1417,53063000500,315,1473,37,0.117460317,0.757152826
1418,53063000600,301,1300,42,0.139534884,0.831821354
1419,53063000700,548,2241,96,0.175182482,0.910676902
1420,53063000800,379,1826,19,0.050131926,0.366364271
1421,53063010601,262,1373,13,0.049618321,0.361479414
1422,53063001100,277,1431,35,0.126353791,0.785066294
1423,53063001200,212,986,18,0.08490566,0.599441731
1424,53063001300,283,1383,41,0.144876325,0.845778088
1425,53063001400,563,2761,121,0.214920071,0.966503838
1426,53063001500,542,2244,114,0.210332103,0.960223308
1427,53063001600,227,1229,40,0.176211454,0.913468248
1428,53063001800,132,881,29,0.21969697,0.972086532
1429,53063001900,261,1543,38,0.14559387,0.849267271
1430,53063002000,277,1695,42,0.151624549,0.865317516
