CT_GEOID,pesticide_lbs,pesticide_lbs_mile2
53009000200,1203.574919,3.245301423
53009000300,92.89254579,4.044001383
53009000400,886.4262862,2.152474531
53009000600,370.4387708,0.880307153
53009940000,73.59971685,1.721818187
53027000200,1084.470182,8.476665874
53027000300,1242.502161,2.20760092
53027000400,3878.755721,15.26229754
53027000800,138.6505906,4.007267816
53027000900,26.55408423,2.881075896
53027001000,3.645059109,1.489540138
53027001100,0.488076552,0.215565091
53027001200,3.06579672,2.235208306
53027001300,18.59077788,1.143212226
53027001400,29.47736974,2.59079055
53027001500,39.72081805,3.829663781
53027001600,2137.767882,18.50296146
53027940000,548.3522573,1.755395093
53031950702,187.900912,0.120896501
53049950200,191.3663803,1.237516281
53049950300,737.1318878,5.072752694
53049950400,1011.768121,1.743444225
53049950500,601.1580397,24.01912641
53049950600,11.04009091,6.639153279
53049950700,84.21722349,7.090469876
53049950800,99.25484417,5.876549527
53011040101,536.5614946,3.967475848
53011040102,107.3380269,5.161587151
53011040201,673.4581977,28.94700528
53011040202,347.6180607,12.8034797
53011040203,367.2808694,15.40838931
53011040301,356.1673667,31.76900512
53011040302,358.5470364,15.42976751
53011040403,859.6238071,52.21001512
53011040407,28.75551015,12.98354081
53011040408,182.3006855,23.22938672
53011040409,41.2029197,12.88633097
53011040411,0.243170977,0.312253804
53011040412,4.251799914,2.798408113
53011040413,49.83985952,19.67335889
53011040414,63.16620802,12.86656925
53011040415,4.987890339,3.592844239
53011040416,50.17282367,6.451552676
53011040504,253.0386479,3.367386914
53011040505,132.8796823,8.604250961
53011040507,227.8955883,24.42203943
53011040508,5.70071538,2.272622717
53011040509,0.069086149,0.093094173
53011040510,245.3778047,13.38412279
53011040511,79.47688802,2.389360912
53011040603,440.6487261,20.54183278
53011040604,152.5332095,17.87358116
53011040605,513.9118632,61.23322615
53011040608,45.17474577,11.47841209
53011040609,3.338532789,2.664873365
53011040610,0.602738093,0.512499013
53011040703,1.199390986,0.641895599
53011040706,0.025122248,0.034411022
53011040707,0,0
53011040709,122.6175167,27.32023232
53011040710,225.6636283,21.04681219
53011040711,0.115523129,0.149721687
53011040712,1.295257237,1.153979169
53011040803,0.310920794,0.213341645
53011040805,69.15921006,13.96269324
53011040806,4.314772755,3.197588841
53011040808,4.947695659,3.464453253
53011040809,0.014595755,0.0165082
53011040810,1.139058622,1.315805006
53011040904,5.015287184,3.06430722
53011040905,364.7190979,35.81441687
53011040907,4.96684942,2.208296856
53011040908,0.604244511,0.356797869
53011040909,1.274355651,0.785872598
53011040910,35.17967024,13.09532362
53011041003,1.692275379,1.279085539
53011041005,759.5621593,48.90858834
53011041007,0,0
53011041008,0.012561117,0.01267131
53011041009,0,0
53011041010,0.018841677,0.013641683
53011041011,3.69050079,2.427125444
53011041104,0.01256112,0.017025842
53011041105,0.364272441,0.204919187
53011041107,0,0
53011041108,0.100488948,0.081333175
53011041110,0.031402799,0.02623767
53011041111,0.012561117,0.043505781
53011041112,0.054313744,0.061681785
53011041201,0.00628056,0.003968019
53011041203,0.012561117,0.008328852
53011041205,1.9213026,2.015857354
53011041206,0.018055068,0.015064593
53011041309,0.018841677,0.015946996
53011041310,0.02455491,0.018384073
53011041312,5.328696336,4.937386025
53011041313,0,0
53011041317,0.410527629,0.361694011
53011041318,2.013085449,1.502641614
53011041319,0,0
53011041320,0,0
53011041321,8.119173168,5.131704705
53011041322,0,0
53011041323,0,0
53011041325,3.329901691,1.818949542
53011041326,26.75300733,19.89289548
53011041327,39.35621757,13.99048684
53011041328,11.41176824,5.388128212
53011041329,0.841241664,0.682548814
53011041330,0,0
53011041331,0,0
53011041332,0,0
53011041333,0,0
53011041400,5.233372863,1.581832904
53011041500,1.708755374,1.174498511
53011041600,1.67264586,1.608351834
53011041700,0,0
53011041800,0,0
53011041900,0,0
53011042000,0,0
53011042100,0.110985266,0.218445004
53011042300,0,0
53011042400,0,0
53011042500,0,0
53011042600,0.225923553,0.080886627
53011042700,0,0
53011042800,0,0
53011042900,0.750917834,1.231961186
53011043000,0,0
53011043100,0.01256112,0.011088847
53015000300,341.423512,34.58088867
53015000400,0.035591295,0.03976703
53015000501,0,0
53015000502,0,0
53015000601,0.082599163,0.169482678
53015000602,0,0
53015000702,5.204362234,4.525098067
53015000703,20.06806464,10.15923919
53015000704,18.58875845,7.265341134
53015000800,28.40722387,4.607793219
53015000900,28.55014955,5.37282042
53015001000,0.071182613,0.234630273
53015001100,3.562381351,1.388769006
53015001200,44.96102966,5.784673653
53015001300,9.216640923,2.392744435
53015001501,1209.549226,7.423991808
53015001502,8672.112364,310.5354321
53015001600,514.5831708,12.48618743
53015001700,1152.757265,7.580307904
53015001800,2801.343418,6.279609988
53015001900,834.8143069,7.384366756
53015002001,1225.460649,13.83090293
53015002002,1498.236842,19.8711094
53015002100,0.230894096,0.172106283
53027000500,600.7563575,11.34009695
53027000600,149.2831548,3.884708995
53027000700,3013.701487,7.93022493
53037975200,4091.276932,6.871268834
53037975401,58.96631374,24.03443758
53037975402,446.2440583,80.93726771
53037975500,481.6015754,76.26674085
53037975600,102.9622478,31.57225849
53039950100,91545.45523,70.5085842
53039950200,14298.75463,39.83261166
53039950300,1551.992376,6.280795157
53041970100,2549.000108,14.62159276
53041970200,660.4864187,48.50421056
53041970300,167.2210888,28.40255321
53041970400,78.22514739,5.599434683
53041970500,7.563343713,7.743974277
53041970600,2.58E-05,5.33E-05
53041970700,36.87359203,7.440166754
53041970800,113.0262178,7.712269409
53041970900,5.046784627,6.976124762
53041971000,74.36350836,19.33607651
53041971100,968.5528881,7.098537912
53041971200,1466.246225,26.17224612
53041971300,600.6500947,14.57978842
53041971400,1383.24064,64.9266543
53041971500,3644.102303,13.31527651
53041971600,1181.677725,16.66902498
53041971700,2679.101502,9.967186357
53041971800,1536.795692,3.535298548
53041971900,382.2363679,1.742673497
53041972000,1579.448966,2.320986348
53053070100,717.1875488,0.972181809
53053070203,136.2266521,9.776420344
53053070206,68.39433829,4.495593841
53053070403,170.3091699,30.91570597
53053070404,29.73372325,14.89625435
53053071306,11.00744706,2.329792423
53053071309,2.434635309,1.525333987
53053071310,1.713596285,0.682609561
53053071403,0.238609393,0.101360441
53053071406,57.30887845,9.014997543
53053071407,9.586402434,2.941381499
53053071408,0,0
53053071409,0,0
53053071410,1.634249491,0.72176599
53053071411,0.140437085,0.107629581
53053071506,1.371896754,0.903379231
53053072000,4.06111549,3.362913898
53053072800,42.82104657,6.136191879
53053072901,32.20424541,4.498136856
53053072903,44.19018336,3.99580749
53053072905,2.332594351,1.14514132
53053072906,1095.922094,12.29250898
53053072907,34.16468403,5.462419625
53053073001,464.6034941,18.41441487
53053073005,279.5069062,13.44291301
53053073006,1274.237483,27.10650597
53053073108,3.535771556,0.924860776
53053073111,4.006246842,2.779916481
53053073113,43.81178193,6.100069766
53053073114,0.849441978,0.317864154
53053073115,2.988617291,1.129477845
53053073116,34.28329273,5.501904996
53053073117,259.508113,13.53389507
53053073118,99.02869398,8.233913902
53053073119,175.6657415,4.564224079
53053073120,0.04066874,0.03176258
53053073121,0.214763754,0.19520653
53053073122,1.300170459,0.669197282
53053073123,25.52778831,6.912494992
53053073124,1.372652939,0.907409265
53053073125,1.813907937,0.750760042
53053073126,0.065069988,0.120053651
53053073200,606.9110025,2.810385037
53059950100,1378.499378,0.990183254
53059950200,649.2937701,4.963915391
53059950300,51.10493812,1.611550922
53059950400,759.6309435,8.333592122
53059950500,39.82619902,1.098922422
53067010100,0.72810969,0.552376463
53067010200,2.186685592,0.95915614
53067010300,0.942235646,0.614595038
53067010400,0.000810709,0.00049546
53067010510,0.027713914,0.026717936
53067010520,0.011596666,0.007327165
53067010600,0.291103001,0.182471465
53067010700,0.055427828,0.027180576
53067010800,3.668364175,0.566964481
53067010910,0.588038551,0.241923142
53067010920,4.615218726,1.27742842
53067011000,21.84875817,1.863060552
53067011100,0.860695033,0.327990511
53067011200,0.845221228,0.320757965
53067011300,4.692695779,3.164881843
53067011410,0.023193335,0.022683686
53067011420,0.038376505,0.015717951
53067011500,0.018205707,0.010584345
53067011610,9.059535106,2.51189194
53067011621,1.885572061,1.057178529
53067011622,0.044641866,0.04400879
53067011623,0.113352193,0.096627775
53067011624,25.94514542,6.10369187
53067011710,1.839372651,0.499458528
53067011720,56.76208795,7.083014925
53067011810,106.6646028,1.451007897
53067011821,56.56287825,4.261929744
53067011822,924.1707483,65.91656086
53067011900,139.837361,2.614666874
53067012000,4.518806169,0.496690161
53067012100,56.88713415,5.040302534
53067012211,35.34794908,4.912217293
53067012212,7.045275034,1.817611288
53067012221,42.28680037,3.135699712
53067012222,12.26055015,1.161629656
53067012310,15.61047863,3.049566573
53067012320,120.7195791,10.21144785
53067012330,0.143090149,0.116808119
53067012411,31.87368429,3.333484436
53067012412,46.40627002,5.467644245
53067012420,253.0628987,7.34303756
53067012510,115.0034777,2.0227236
53067012520,369.544135,3.705825508
53067012530,131.736387,4.982572493
53067012610,212.0916628,4.168763526
53067012620,247.4289856,4.10337258
53067012710,53.03094053,3.303440625
53067012720,383.6268233,12.59472663
53067012730,529.3021132,12.37622239
53069950100,1300.972942,4.919158112
53077000100,0.388393879,0.341806819
53077000200,11.38706323,8.281083905
53077000300,33.83659209,16.97267213
53077000400,523.2920915,128.0096539
53077000500,10.85423461,11.30015432
53077000600,2.958180271,5.007581106
53077000700,3.662870255,3.238060066
53077000800,19.57339362,19.63415369
53077000901,127.423594,56.17741952
53077000902,402.0490909,211.3148289
53077001000,12.22355879,12.17043596
53077001100,698.0785413,141.480838
53077001201,0.747381399,1.52157934
53077001202,1.307755243,1.214947567
53077001300,451.4665888,145.3722912
53077001400,48.82692361,22.82760126
53077001501,5.532945803,4.777936862
53077001502,0.748516339,1.150346533
53077001601,4070.599777,136.7364231
53077001602,749.1316487,88.34016246
53077001702,6876.830842,213.1157542
53077002801,12994.07219,365.0389114
53077002802,3603.393946,312.3027896
53077002900,20789.9617,252.9540198
53077003001,17591.90526,14.98260146
53077003002,4308.322029,383.0648563
53077003100,5428.263707,211.2396803
53077003200,580.4802228,137.3108279
53077003400,3609.963721,337.611882
53077940001,60260.89019,511.6901124
53077940002,50634.36142,563.3162712
53077940003,111544.1602,62.46303241
53077940004,379.2663003,117.3793007
53077940005,690.2719726,348.1508763
53077940006,960.298781,552.1781338
53007960100,11350.96033,9.373375142
53007960200,4136.870733,4.174811023
53007960500,18926.09878,58.89629595
53007960600,1652.646847,449.957737
53007960700,3091.656943,55.75768451
53007960801,1104.969424,113.4624492
53007960802,526.5101792,173.8013389
53007961000,23.97985663,17.61663089
53007961100,529.8049877,180.212052
53007961200,15271.24894,123.3774718
53007961301,220.7748777,34.21587862
53007961302,386.0530105,36.61700228
53009000700,37.96693053,7.914405852
53009000800,0.178179364,0.146720912
53009000900,0.169188913,0.188903957
53009001000,0.24903329,0.360241616
53009001100,3.339696829,0.781074453
53009001200,4.460445399,1.747363501
53009001300,10.84058579,2.82119978
53009001400,231.9104265,6.489262238
53009001500,801.9522021,4.056671702
53009001600,729.375364,87.76983796
53009001700,895.2624137,72.13169148
53009001800,213.6831578,2.494803688
53009001900,3736.961007,260.5612246
53009002000,536.1994956,66.78767759
53009002100,8.067521065,5.542418273
53009002300,310.1097137,2.771958844
53009990100,0,0
53017950400,529.6980635,115.0618804
53017950500,8.405979139,8.007664507
53017950600,306.7902134,133.038724
53017950700,46.15214317,45.33740485
53017950800,416.3107946,165.2981606
53029970100,494.5773228,47.4137273
53029970200,397.8658195,57.20518475
53029970300,703.5956094,38.71802417
53029970400,172.7370987,30.79970296
53029970500,534.6646373,60.01261476
53029970601,0,0
53029970602,0,0
53029970700,3.275965599,4.13770313
53029970800,0.142549289,0.235947512
53029970900,117.3048832,26.05764902
53029971000,779.876434,57.81303128
53029971100,1130.828105,62.41943199
53029971300,272.4964267,12.65471046
53029971400,103.5651239,9.239141546
53029971500,1605.63349,150.1760375
53029971600,71.72611832,8.938333817
53029971700,92.64300455,9.342510094
53029971800,296.6304305,35.42127438
53029971900,552.9821853,27.50317378
53029972000,427.5290168,23.06027606
53029972100,157.8437706,12.77537348
53031950202,38.149341,0.390559539
53031950300,144.6119343,1.794701091
53031950400,66.14134625,4.88400861
53031950500,158.4888432,2.543512699
53031950601,18.89580065,4.80360167
53031950602,22.0659135,5.073845302
53033000100,0.010062228,0.013992021
53033000200,0.015093343,0.01189516
53033000300,0,0
53033000401,0.062614501,0.118963849
53033000402,0,0
53033000500,0.005031114,0.004587398
53033000600,0,0
53033000700,0,0
53033000800,0,0
53033000900,1.544500186,4.199470457
53033001000,0,0
53033001100,0,0
53033001200,0,0
53033001300,0.015093343,0.033034699
53033001400,0.015093343,0.018337259
53033001500,0,0
53033001600,0.520132426,0.689303926
53033001701,0.469821395,1.362976129
53033001702,0.03521781,0.071251388
53033001800,0,0
53033001900,0.010062228,0.015666608
53033002000,0.428608621,0.980464731
53033002100,0,0
53033002200,0.027609195,0.025891509
53033002400,0,0
53033002500,0.489945852,1.289357166
53033002600,0,0
53033002700,0,0
53033002800,0,0
53033002900,0,0
53033003000,0,0
53033003100,0.909455995,1.093331132
53033003200,0.015093343,0.018851722
53033003300,0,0
53033003400,0,0
53033003500,1.167006623,2.352192326
53033003600,0.005031114,0.010891008
53033003800,0,0
53033003900,0,0
53033004000,110.3030238,114.311698
53033004100,0.606470298,0.490969145
53033004200,3.193157768,3.356577785
53033004301,0.509887325,1.348685107
53033004302,0,0
53033004400,0,0
53033004500,0,0
53033004600,5.828854661,5.838864631
53033004700,0.030186685,0.039151551
53033004800,0.038184615,0.073974982
53033004900,0,0
53033005000,1.136819828,3.887887315
53033005100,0.080497827,0.236388647
53033005200,0.692154059,1.856541857
53033005301,0,0
53033005302,10.90618654,11.97899667
53033005400,0.065271292,0.142081291
53033005600,0.023750201,0.020458137
53033005700,0.588110642,0.302960463
53033005801,0,0
53033005802,0.999728898,0.833244197
53033005900,0,0
53033006000,0.454727887,0.895311074
53033006100,0.455926981,1.037511952
53033006200,0.657750482,0.67956061
53033006300,0.015093343,0.016410015
53033006400,0,0
53033006500,0.237426172,0.535875881
53033006600,0.050311142,0.123705759
53033006700,0.232395003,0.488412878
53033006800,0,0
53033006900,0,0
53033007000,0,0
53033007100,0,0
53033007200,0,0
53033007300,0,0
53033007401,0,0
53033007402,0,0
53033007500,0.010062228,0.032514603
53033007600,0.040248913,0.182279453
53033007700,0.454727887,1.112440595
53033007800,0.144720071,0.178223234
53033007900,0.019941504,0.073951587
53033008001,0.24748851,1.276753333
53033008002,0,0
53033008100,0,0
53033008200,0,0
53033008300,0.005031114,0.054938773
53033008400,0,0
53033008500,1.136819828,6.206843125
53033008600,0.020124457,0.073247814
53033008700,0,0
53033008800,0.03521781,0.096181981
53033008900,0.015093343,0.03061529
53033009000,1.834917329,5.789323849
53033009100,0.682091941,4.21553208
53033009200,0,0
53033009300,0.245362813,0.06711737
53033009400,0.150740851,0.226559449
53033009500,2.197926742,2.227823438
53033009600,0,0
53033009701,0.010062228,0.014382299
53033009702,0,0
53033009800,0.262581798,0.352255527
53033009900,2.376664757,0.94234571
53033010001,0.595599084,0.662965373
53033010002,0,0
53033010100,2.603284531,2.698598409
53033010200,0.120335798,0.110275767
53033010300,0.140871197,0.221495663
53033010401,0.682091941,1.083916481
53033010402,0,0
53033010500,0.919518113,1.38620299
53033010600,0,0
53033010701,0.68712311,1.219844591
53033010702,0.05012818,0.165956135
53033010800,0.736211017,0.469233776
53033010900,0.479883513,0.259282529
53033011001,0.050311142,0.120063079
53033011002,0.010062228,0.015552803
53033011101,0.130808968,0.298334896
53033011102,0.123468655,0.244098668
53033011200,0.010062228,0.00935715
53033011300,0.569479817,0.460966602
53033011401,0,0
53033011402,0.09559118,0.208714333
53033011500,0.020124457,0.033884233
53033011600,1.202224367,0.995660685
53033011700,1.136819828,0.838531376
53033011800,0.026590416,0.029460364
53033011900,0.007061289,0.005773239
53033012000,0,0
53033012100,0,0
53033020100,0.459996935,0.686272451
53033020200,0,0
53033020300,0.005031114,0.005006673
53033020401,0.527404595,0.590229705
53033020402,0,0
53033020500,0.020124457,0.01914757
53033020600,0.534165952,0.700524397
53033020700,0,0
53033020800,0.106555915,0.089328943
53033020900,1.812368008,0.991444246
53033021000,0.506098901,0.496299813
53033021100,0.489945852,0.484454845
53033021300,0,0
53033021400,0.017301944,0.014304308
53033021500,0.062398095,0.045917633
53033021600,0.939642569,0.836237431
53033021700,8.5699259,3.96301308
53033021802,4.530287844,2.385358574
53033021803,1.070031667,0.854633689
53033021804,0.139514626,0.117985696
53033021903,0.88423908,0.728937004
53033021904,8.253353115,6.278469408
53033021905,0.030186685,0.029048613
53033021906,2.216536402,1.496824599
53033022001,1.736064696,1.009207229
53033022003,0.010062228,0.011238707
53033022005,0.328888689,0.351637599
53033022006,0,0
53033022101,0.714702719,0.515278386
53033022102,1.62111435,0.902337329
53033022201,0.093886654,0.106162696
53033022202,0.531617849,0.526785389
53033022203,1.671997701,1.376646824
53033022300,1.355945868,0.690963012
53033022400,5.017006789,2.816314535
53033022500,5.310869757,3.681332975
53033022603,0.116618143,0.103841365
53033022604,0.017334471,0.015193681
53033022605,1.620620514,0.888014693
53033022606,0.030186685,0.028067468
53033022701,1.875088199,3.240333312
53033022702,0,0
53033022703,0.020124457,0.012387177
53033022801,0,0
53033022802,0.000291454,0.000282523
53033022803,2.832424187,1.536853473
53033022901,0,0
53033022902,2.852499481,1.410100808
53033023000,0.11158704,0.052177857
53033023100,0,0
53033023201,0,0
53033023202,0.883077244,1.555128637
53033023300,3.850935588,2.598489645
53033023401,0.727372023,0.503528614
53033023403,0.022182626,0.010876148
53033023404,0.080314887,0.057920365
53033023500,0.54648406,0.622659903
53033023601,2.195553466,1.235531325
53033023603,0,0
53033023604,1.493875437,1.316290078
53033023700,0.992920582,0.34062892
53033023801,33.71156794,23.45263952
53033023803,0.190923097,0.876689671
53033023804,2.776552436,5.888956056
53033023900,1.713139266,0.945953455
53033024000,2.529469356,1.398174076
53033024100,3.483477908,2.034983247
53033024200,3.176944974,2.237177979
53033024300,0.762528479,0.479239262
53033024400,0.198018498,0.305954069
53033024500,1.192162029,0.813636453
53033024601,0.052552273,0.034998114
53033024602,0.114553867,0.10440818
53033024701,0.017517424,0.016560866
53033024702,3.347997234,1.347268966
53033024800,1.932020373,1.325380727
53033024901,0,0
53033024902,0.009696323,0.012371821
53033024903,0.06818836,0.03558031
53033025001,1.085361952,0.793464619
53033025003,0.827445356,0.334876126
53033025005,2.142786264,0.722192575
53033025006,3.400731807,0.39321983
53033025101,0.020124457,0.017764757
53033025102,7.516058967,3.12358615
53033025200,0.046364999,0.02642037
53033025301,1.760848623,1.226083353
53033025302,1.069869187,0.702218885
53033025400,1.017755656,1.145242753
53033025500,0.059962384,0.101786564
53033025601,0,0
53033025602,2.913289745,1.450323146
53033025701,1.505347411,1.031820655
53033025702,4.626912044,4.189296726
53033025803,0,0
53033025804,0.100622283,0.110513759
53033025805,0.055159305,0.058839239
53033025806,0.138081225,0.115852065
53033026001,0.065404495,0.062256854
53033026002,2.141522134,2.003012877
53033026100,0.578382083,0.349336103
53033026200,3.714731798,0.609284157
53033026300,0.263940948,0.137215363
53033026400,0.241234217,0.13064515
53033026500,0.489945852,0.635856507
53033026600,0,0
53033026700,0.005031114,0.004325315
53033026801,0.03521781,0.059071248
53033026802,0.062614501,0.078960141
53033027000,0,0
53033027100,0.454727887,0.750186334
53033027200,0.069076515,0.052479583
53033027300,5.144636802,3.751642582
53033027400,1.156944285,0.900906922
53033027500,1.668696058,1.938634133
53033027600,0.721477524,0.676418018
53033027701,98.47052762,5.772405806
53033027702,133.7716505,6.750157882
53033027800,0.022754924,0.023312125
53033027900,0.707247567,0.521583965
53033028000,3.011073577,3.997359781
53033028100,0.065404495,0.106478558
53033028200,0.015093343,0.014552156
53033028300,76.14171288,23.59191818
53033028402,1.153719583,0.351556092
53033028403,0.231431362,0.281790838
53033028500,0.030186685,0.02227574
53033028600,1.929413407,0.779330871
53033028700,0.454727887,0.440177009
53033028801,1.271367285,0.635389644
53033028802,0.020124457,0.018271148
53033028901,0.707247567,0.79905961
53033028902,0,0
53033029001,2.480332727,2.465208837
53033029003,0.020124457,0.020323033
53033029004,2.072819038,2.931738679
53033029101,6.701561139,4.898208267
53033029102,0.843087594,0.850623143
53033029203,0.020124457,0.025942308
53033029204,0.653902093,0.399805863
53033029205,0.279733321,0.37950269
53033029206,11.66087295,1.733072353
53033029303,0,0
53033029304,0.423073915,0.263459186
53033029305,0.105653409,0.094372559
53033029306,0.279678205,0.283031206
53033029307,0.434916928,0.291025974
53033029403,0.015093343,0.016236299
53033029405,0,0
53033029406,0.738894484,0.706195539
53033029407,0.015093343,0.02873584
53033029408,0.48298696,1.010232642
53033029502,1.624867058,0.968291886
53033029503,0.090684087,0.099425382
53033029504,0,0
53033029601,0.226400193,0.14583448
53033029602,3.769920116,1.4544024
53033029700,66.05243382,15.14495293
53033029801,147.641196,47.44857979
53033029802,16.39949102,6.195844926
53033029901,0.092801186,0.061652421
53033029902,2.17047897,0.892019225
53033030003,0.950982046,0.536933093
53033030004,0.005031114,0.005931954
53033030005,0,0
53033030006,0.030186685,0.034093935
53033030100,0.044999589,0.019815155
53033030201,0.116435204,0.10501638
53033030202,0.082738958,0.065618526
53033030304,1.556576007,0.545866262
53033030305,0.043005507,0.029049289
53033030306,0.061027217,0.041758392
53033030308,0,0
53033030309,0.570077711,0.664692603
53033030310,0.08534599,0.06895685
53033030311,0,0
53033030312,0,0
53033030313,0.235300695,0.151899505
53033030314,1.601740567,1.664675076
53033030401,3.012394146,0.624911234
53033030403,2.191424648,1.465226329
53033030404,0.073036524,0.030454945
53033030501,31.58258592,7.181090813
53033030503,6.343506175,4.971140863
53033030504,0.691981878,1.143646637
53033030600,1.667744764,1.258886297
53033030700,0.4949768,0.819880873
53033030801,0.775547437,0.286448187
53033030802,0.005031114,0.00949053
53033030901,0.224329832,0.186093223
53033030902,4.753693277,3.115082588
53033031000,12.22352792,2.549243841
53033031100,40.98565414,14.23042091
53033031202,376.9172749,14.37113728
53033031204,183.7461684,12.64970612
53033031205,2.024058738,0.910415899
53033031206,3.108720722,2.168443641
53033031301,285.1381737,22.08563594
53033031302,77.25125535,18.29649323
53033031400,17.61893834,7.15521511
53033031501,66.76364507,1.057946252
53033031502,245.1119273,0.613367528
53033031601,22.11983857,3.797071043
53033031603,22.08917227,0.994438734
53033031604,0.946236596,0.5892628
53033031605,4.167660492,0.636631457
53033031703,2.885612913,0.960332512
53033031704,8.848998055,3.980947969
53033031705,14.52181614,7.441722201
53033031706,0.945891352,0.586473678
53033031800,17.93237395,1.648457705
53033031903,7.534020028,1.662121239
53033031904,33.1518804,4.493006612
53033031906,3.680970207,0.840550177
53033031907,0.276275811,0.129369755
53033031908,0,0
53033031909,0,0
53033032002,10.11808907,0.943302041
53033032003,26.29488675,0.556166836
53033032005,4.71146814,1.912226229
53033032006,6.081865971,2.035844004
53033032007,4.857764693,1.07745672
53033032008,0,0
53033032010,0.804411018,0.430638789
53033032011,2.139907248,1.526656694
53033032102,12.56240928,0.41121462
53033032103,3.454147608,2.2322749
53033032104,8.180155235,0.941829703
53033032203,0.227302765,0.038803683
53033032207,0.185968274,0.080893306
53033032208,23.09642025,5.031327998
53033032210,41.18395995,2.551716784
53033032211,0.022548527,0.019625195
53033032212,0,0
53033032213,0.095042317,0.055635333
53033032214,0.60625623,0.230668183
53033032215,24.58921432,3.995162195
53033032307,2.227014974,0.479923199
53033032309,2.884700199,1.212121405
53033032311,3.059213716,0.334630263
53033032313,111.5586226,21.52078017
53033032315,368.6891823,20.82387304
53033032316,3.337840537,0.983734966
53033032317,0.019941504,0.011754203
53033032318,6.217209959,2.189424887
53033032319,30.27983032,11.47578408
53033032320,1.05577283,0.28414271
53033032321,226.445608,46.28038645
53033032322,3.971744498,2.224154199
53033032323,0.118859274,0.093508736
53033032324,0.005031114,0.006360772
53033032325,8.967816191,10.49525089
53033032326,8.558078258,2.118925092
53033032327,4.501784278,0.71820357
53033032328,4.491310116,1.367801384
53033032329,1.048378305,0.280813271
53033032401,1182.521875,53.5829476
53033032402,224.3368864,22.54623215
53033032500,540.6856822,6.419357092
53033032601,434.9081092,18.04552745
53033032602,22.07678229,1.854147213
53033032702,38.11552209,0.188674284
53033032703,9.361755798,2.319484129
53033032704,23.84508805,3.50216925
53033032800,363.5572618,0.664136772
53035080101,0.880809349,1.029358
53035080102,20.54323136,22.66313823
53035080200,0.060574233,0.063044057
53035080300,2.213498432,3.471584515
53035080400,3.285031007,3.069918517
53035080500,3.20851517,7.905714803
53035080600,0.043267306,0.048266192
53035080700,0.564883841,0.405530459
53035080800,0.084570029,0.220253819
53035080900,26.35926173,4.656936276
53035081000,0.163259602,0.137953078
53035081100,0,0
53035081200,0,0
53035081400,9.088693445,15.20222093
53035090101,172.6848271,9.652577661
53035090102,371.6200076,20.24636699
53035090201,9.138886088,1.430983996
53035090202,132.6623506,6.575035565
53035090300,22.29713432,2.008325938
53035090400,72.75589755,8.243476618
53035090501,4.713170109,2.115658205
53035090502,7.355255998,2.707313789
53035090700,5.713548488,0.897262515
53035090800,14.10113226,1.963831361
53035090900,5.668975428,1.946953185
53035091000,7.237030905,0.654620461
53035091100,112.1288482,14.59480638
53035091201,3.202498754,1.445653982
53035091203,2.740985259,1.138757696
53035091204,37.01490834,26.79525614
53035091301,18.08381609,1.328064282
53035091302,48.80128385,3.68920804
53035091400,7.360403791,2.36055922
53035091500,4.226885474,2.167095074
53035091600,8.100574972,4.088755375
53035091700,0.285897887,0.099831379
53035091800,1.823997833,0.718896909
53035091900,27.63388635,18.1776231
53035092000,291.6956033,3.860365548
53035092100,137.9335151,5.10305714
53035092200,0.112495014,0.052821673
53035092300,1.456964763,0.50695302
53035092400,2.331483221,0.988877389
53035092500,15.61817938,3.346202259
53035092600,20.38464624,4.391830072
53035092701,57.67678588,5.856659283
53035092704,49.60524358,7.219283594
53035092801,2.948907628,0.639878618
53035092802,96.19861992,9.38156802
53035092803,20.39187961,2.91883107
53035092901,138.4231617,4.999984881
53035092902,210.5881763,19.60211124
53035940000,33.59183489,6.452661189
53035940100,24.89603165,2.309865408
53037975100,457.856467,0.651651924
53037975300,5983.971908,10.00421752
53045940000,10.08087945,1.222325571
53045960100,133.9898641,0.368323785
53045960200,664.5144847,2.914526909
53045960300,247.2896535,2.770740703
53045960400,255.3038976,5.474795357
53045960500,363.1139122,7.445589889
53045960600,267.2716915,13.59791872
53045960700,126.4149571,169.1001351
53045960800,151.718403,29.01033947
53045960900,7.483679675,3.423395404
53045961000,181.1082933,7.875465192
53045961100,314.6977538,7.54504405
53045961200,132.3641092,4.94283277
53045961300,378.6853822,5.520730239
53047970900,4734.616678,3.205377878
53053060200,17.70476651,2.96443713
53053060300,1.303620473,0.600673698
53053060400,1.602156579,1.672277947
53053060500,0,0
53053060600,0,0
53053060700,0.008133748,0.010002283
53053060800,0,0
53053060903,0.032535005,0.036188434
53053060904,0,0
53053060905,0,0
53053060906,0,0
53053061001,0.048802496,0.044963577
53053061002,0.113872484,0.097114227
53053061100,0.858367393,0.505828169
53053061200,0,0
53053061300,0,0
53053061400,0,0
53053061500,0.148132584,0.327775564
53053061601,0,0
53053061602,0,0
53053061700,0,0
53053061800,0,0
53053061900,0,0
53053062000,0.019553781,0.024126791
53053062300,0.154541224,0.16297971
53053062400,0,0
53053062500,0,0
53053062600,10.50675301,3.913783578
53053062801,0.055375072,0.038010707
53053062802,0.016267498,0.014018328
53053062900,0,0
53053063000,0.056936253,0.066890004
53053063100,0,0
53053063200,0,0
53053063300,0.048802496,0.03736689
53053063400,1.32639687,0.889964238
53053063501,0,0
53053063502,0,0
53053070204,20.75391392,10.26549898
53053070205,156.7403349,21.08729324
53053070207,115.6078088,8.926741411
53053070307,131.5344215,11.94249556
53053070308,0.07492884,0.058959511
53053070309,38.31151304,8.564139036
53053070310,2.714395306,1.240501954
53053070311,3.490825915,1.814079486
53053070312,358.961285,111.8598938
53053070313,26.02922972,4.822270311
53053070314,8.925297839,4.003907554
53053070315,3.006485757,0.792121119
53053070316,1.883848267,1.399730927
53053070401,558.3103172,148.4980614
53053070703,50.0532229,22.37571494
53053071100,15.52444985,6.171957077
53053071205,108.4605105,35.89761265
53053071206,0.248941798,0.081710749
53053071207,0.078133171,0.041374409
53053071208,0.016267498,0.011455372
53053071209,0.146407489,0.163090561
53053071210,197.4671002,58.88669148
53053071304,2.073914074,0.999418478
53053071305,10.67311604,2.774548914
53053071307,0.736443164,0.365507248
53053071503,2.443570645,1.109319858
53053071504,0.178942472,0.174787207
53053071505,0.04066874,0.023434261
53053071601,0.265209488,0.170336741
53053071602,0.442508766,0.244204934
53053071703,0.04066874,0.114256649
53053071704,0,0
53053071705,0,0
53053071706,0.116436019,0.18729981
53053071707,0,0
53053071803,2.855771141,1.604843233
53053071805,0,0
53053071806,0,0
53053071807,0.162674981,0.099333757
53053071808,0.016267498,0.020309334
53053071901,0.008133748,0.005046225
53053071902,0.032535005,0.009334603
53053072105,2.920139508,1.618860308
53053072106,2.391321089,1.81496179
53053072107,5.074324773,2.604374576
53053072108,0.081337479,0.050319238
53053072109,0.38014374,0.237408394
53053072111,0.024401248,0.032457692
53053072112,0.078559985,0.084488785
53053072305,0.071642563,0.045622233
53053072307,0,0
53053072308,22.03649501,7.381310216
53053072309,0,0
53053072310,0.019553781,0.02412697
53053072311,0.081337479,0.085983501
53053072312,0.024401248,0.025703142
53053072313,1.026490591,1.039066219
53053072405,22.75152909,4.969812265
53053072406,7.54373139,1.163553832
53053072407,1.137577336,0.528407479
53053072408,10.94115185,1.861379022
53053072409,8.452944215,3.80764706
53053072410,11.33357027,2.209789433
53053072503,28.68573384,4.577400646
53053072504,32.8705926,5.690694962
53053072505,13.23928575,1.581375679
53053072506,11.29501583,1.919179498
53053072507,0.488024964,0.302105529
53053072601,226.5152741,13.20618518
53053072602,126.9544944,7.767819472
53053072603,310.4829563,8.766109201
53053073110,16.59997059,7.396890365
53053073301,2249.599128,393.6286715
53053073302,8.703047628,7.324917335
53053073404,2.531294783,1.02378866
53053073405,8.294328231,7.22773746
53053073406,1.775639215,1.04308662
53053073407,1.136909115,1.210424321
53053073408,8.144347754,7.624598957
53053073500,17.66747311,2.79583869
53053940001,0.279125286,0.252177924
53053940002,97.34235609,18.54586365
53053940003,28.68496223,17.74815733
53053940004,365.0848448,52.38056485
53053940005,5.949824509,3.620628985
53053940006,0.728227417,1.033460785
53053940007,0.00356905,0.003663943
53053940008,1.310735011,1.111568578
53053940009,129.2522623,42.43176794
53053940010,255.3232983,72.33489258
53053940011,4.154798724,2.867953714
53055960100,1200.144085,18.32528533
53055960300,2955.684638,52.75589944
53055960400,397.6105242,68.61265581
53055960500,3492.329467,71.51436277
53057940200,8.320386871,6.357763739
53057940300,161.8232026,8.083788328
53057940400,3.579423084,0.768091388
53057940500,0,0
53057940600,1.818849819,1.794154467
53057940700,2.901265733,5.235768943
53057940800,628.8057711,51.19539762
53057950100,286.6891257,12.56482278
53057950800,11075.50376,150.6539855
53057950900,1916.08955,30.39164451
53057951000,2959.970424,20.4808585
53057951100,2359.76853,2.584121867
53057951200,1572.060174,5.320414903
53057951300,1668.468982,66.33000233
53057951400,951.9077669,239.01682
53057951500,731.9602841,81.74399681
53057951600,3653.976807,277.3668473
53057951700,38.74974793,30.32999891
53057951800,778.4906082,189.9546253
53057951900,4104.006423,180.4163369
53057952100,13580.17552,403.9607897
53057952200,456.4082504,154.0733045
53057952301,10.83752136,10.84564613
53057952302,503.6733753,88.7293017
53057952401,0,0
53057952402,19.45772809,4.288608355
53057952500,3.261946403,4.660829992
53057952600,1690.541003,252.3728379
53057952700,10210.05931,160.7846945
53061040100,4.514555657,2.405163069
53061040200,14.72526974,14.27732085
53061040300,0,0
53061040400,0.158145297,0.255235272
53061040500,19.28090413,27.49837825
53061040700,22.07504064,20.30068804
53061040800,0.063940251,0.116332876
53061040900,0,0
53061041000,0.034481797,0.029074288
53061041100,0,0
53061041201,0,0
53061041202,0,0
53061041301,0.045671602,0.026312033
53061041303,0.137014805,0.093368111
53061041304,2.323052744,0.585932964
53061041400,0.136563937,0.106408548
53061041500,147.385548,69.71277961
53061041601,0.602904321,0.334198511
53061041605,0.064401679,0.06748286
53061041606,0.018268643,0.018405913
53061041607,0.106168056,0.094292588
53061041608,0.479174065,0.329272552
53061041701,0.054805926,0.042187774
53061041703,0.173552104,0.114241194
53061041704,0.322899832,0.207101249
53061041805,0.045671602,0.035596111
53061041806,0.246175878,0.224140345
53061041808,0.441407116,0.676477948
53061041809,0,0
53061041810,0,0
53061041811,0.255760916,0.195955146
53061041812,0.116009028,0.160779921
53061041901,2.005664469,0.588324581
53061041903,0.358409468,0.272163983
53061041904,0,0
53061041905,0.182235539,0.210281635
53061042001,0,0
53061042003,0.036537277,0.034884023
53061042004,0.018268643,0.018654881
53061042005,0,0
53061042006,0.100938977,0.097870124
53061050101,0.027402952,0.02799477
53061050102,0,0
53061050200,0,0
53061050300,0.027402952,0.019098737
53061050401,0.003198586,0.002484549
53061050402,0.217841627,0.198251896
53061050500,0.254840265,0.193445017
53061050600,0.030601551,0.025225828
53061050700,0,0
53061050800,0,0
53061050900,0.578115765,0.913101413
53061051000,0.566311554,0.407015452
53061051100,0,0
53061051200,0.003198586,0.003944929
53061051300,0.073074576,0.064206153
53061051400,0.140449871,0.090072091
53061051500,0,0
53061051601,0.027402952,0.028982507
53061051602,0,0
53061051701,0.036537277,0.037984655
53061051702,0.189198994,0.226092235
53061051802,0.380337967,0.196782464
53061051803,0,0
53061051804,0.363990691,0.400352496
53061051905,0.059720537,0.02928393
53061051912,0.723009737,0.139139967
53061051913,0.018268643,0.011945574
53061051914,0.00913432,0.00690335
53061051915,0.104819246,0.065506524
53061051916,0.557002094,0.517507751
53061051917,0.341168437,0.301300167
53061051918,0.236110233,0.136580886
53061051921,0.127189463,0.134260097
53061051922,0.539262819,0.366608253
53061051923,1.291370928,0.898732211
53061051924,0,0
53061051925,4.017036265,1.297793408
53061051926,0.793766438,0.242300351
53061051927,0.677652713,0.380959217
53061051928,0.430101811,0.483960156
53061052003,0.305554082,0.134251217
53061052004,0.130512799,0.101623723
53061052005,0.073329077,0.052916283
53061052006,0,0
53061052007,0.000206928,0.000244208
53061052104,609.6744969,34.8355863
53061052105,3289.087513,156.0063238
53061052107,1.278815603,0.265705172
53061052108,31.75276074,3.514648567
53061052112,3.405476155,0.599164403
53061052113,160.3439008,18.58539733
53061052114,0.929348304,0.370600605
53061052115,0,0
53061052118,7.865074979,1.812624264
53061052203,80.04431379,12.7698327
53061052204,176.1938588,46.58853819
53061052206,58.12992401,2.884188348
53061052207,431.9834569,16.62893827
53061052208,0.338337702,0.421539275
53061052209,264.0416989,78.96181374
53061052301,28.03179868,1.814986778
53061052302,365.4303091,27.66605414
53061052401,5.661781745,3.534389846
53061052402,9.175465187,9.622322026
53061052502,50.37313568,9.041624413
53061052503,0.571342944,0.296156192
53061052504,3.737756876,1.229075793
53061052603,3.780581671,1.191378304
53061052604,0.357853683,0.159492884
53061052605,2.626331655,1.381531796
53061052606,24.26504661,4.440360675
53061052607,24.48202557,6.243318754
53061052701,53.29840535,6.749632708
53061052705,6.104022429,0.982525692
53061052706,4.316119779,2.242492091
53061052707,3.116478789,1.526841428
53061052708,0.146149129,0.119733066
53061052709,76.15670431,9.793378767
53061052803,336.7594124,61.92198811
53061052804,96.94735385,36.22590092
53061052805,2.907310809,1.770638145
53061052806,0.94515148,0.772750958
53061052903,4.929461225,3.801863863
53061052904,3.531988424,2.610171097
53061052905,0,0
53061052906,0.027402952,0.029339435
53061053101,796.2618507,75.2411514
53061053102,167.9780901,17.25689931
53061053201,767.836108,43.72524501
53061053202,13.71260059,1.423874846
53061053301,1375.577592,139.430327
53061053302,1600.147948,46.31365512
53061053400,384.2635184,7.64778044
53061053504,22.62251457,4.8929238
53061053505,110.3312871,5.677373189
53061053506,754.2629079,7.528871827
53061053507,2.205328101,1.19738814
53061053508,1106.815134,191.209631
53061053509,18.35349435,5.636676797
53061053602,185.1304509,0.885599163
53061053603,71.83795882,4.485901131
53061053604,70.48588582,11.35426035
53061053700,429.4690848,0.656611243
53061053801,1290.712628,2.929130357
53061053802,302.408526,34.7464284
53061053803,278.8287642,2.611440333
53061940001,94.78596388,4.668688585
53061940002,24.62175455,1.63301938
53073000100,558.4498699,16.60475969
53073000200,598.8392177,36.02639464
53073000300,22.56508415,9.130147738
53073000400,1.975145217,1.079742311
53073000501,0.139742783,0.142377506
53073000502,0.459660069,0.978109481
53073000600,0.647451808,1.495685218
53073000700,0.229590061,0.189932888
53073000803,0.719791869,0.401048999
53073000804,5.538869624,0.995828375
53073000805,3.322148033,0.30866739
53073000806,29.58967321,0.69333562
53073000901,2.450790784,1.206750285
53073000902,18.55527684,2.817964554
53073001000,0.117220071,0.122347256
53073001100,0.071860137,0.03165969
53073001201,0.303438967,0.318253768
53073001202,13.38345043,0.569879776
53073010100,3437.008872,2.049045626
53073010501,1186.8641,36.21005401
53073010502,544.518639,69.9656408
53073010600,2383.644593,121.9244847
53073010702,1372.721944,59.84472963
53073010900,41.92482338,4.51193708
53073940000,454.9426173,21.56928618
53073010200,11038.08911,155.1681436
53073010301,6562.894786,181.2355648
53073010302,34.17883771,20.16963768
53073010303,1595.838131,180.3011044
53073010401,916.981033,29.6928312
53073010403,90.47429523,10.96164537
53073010404,1064.143341,46.18361732
53073010701,4504.689971,134.0946528
53073011000,32.63758603,6.686315359
53001950100,152593.9028,243.5180651
53001950200,251506.2147,247.5376454
53001950300,161214.2638,573.6634789
53001950400,394.9662998,294.7419732
53001950500,1835.253754,383.7495968
53003960100,83620.76284,160.6139455
53003960200,19053.53038,166.0270556
53003960300,10.17630433,5.71572881
53003960400,4.197081181,6.851074628
53003960500,0,0
53003960600,40.79407244,21.09570938
53005010100,22.70569498,5.597129447
53005010201,4498.157674,260.2761811
53005010202,59.45058114,29.47638636
53005010300,106.9432231,44.69018023
53005010400,0.218000272,0.375833994
53005010500,0,0
53005010600,80.05524872,21.69150881
53005010701,3154.078628,218.8699211
53005010703,9276.818303,475.5763537
53005010705,181.6950536,61.91082333
53005010707,368.9488869,172.2999977
53005010708,242.1359072,72.28167545
53005010803,366.2887892,81.25762448
53005010805,64.1991619,12.64106059
53005010807,11881.58875,315.7101374
53005010809,1.453476168,0.977085356
53005010810,27.11088372,11.88890514
53005010811,3084.178863,344.2967124
53005010813,545.2593922,69.06116414
53005010814,9850.721254,273.0775477
53005010901,23.65513776,8.000308795
53005010902,1.519752636,1.531658999
53005011001,5.848288409,2.642411452
53005011002,0.944667786,0.825746269
53005011100,31.95291843,16.0167957
53005011200,0.261086623,0.268554595
53005011300,48.22391523,17.73565103
53005011401,11.64724398,13.15024864
53005011402,180.842482,63.71823011
53005011501,4456.664472,165.0737678
53005011503,5805.981701,177.5082812
53005011504,1280.310557,250.2662505
53005011600,333993.7133,527.9520047
53005011700,1906.536038,137.7593923
53005011800,88978.87766,261.8928063
53005011900,14513.61054,226.2523489
53005012000,41403.8931,91.90267045
53007960300,15237.09713,78.57055909
53007960400,15394.87536,255.4097713
53013960200,155298.9086,177.8026601
53017950100,108613.7758,126.9850376
53017950200,169098.0163,186.4043602
53017950300,19352.26776,258.6419016
53019940000,4419.364461,3.909413238
53019970100,3355.794984,4.301440709
53019970200,660.3876516,1.904121639
53021020100,3975.710614,241.6089618
53021020200,1.133242828,1.185070637
53021020300,3.749236346,2.674465097
53021020400,2.472539386,1.294706356
53021020501,405.9005666,91.76759442
53021020502,249.5720993,50.22703126
53021020601,115632.2361,552.3548944
53021020603,161.8698083,136.9089949
53021020605,335.3746889,121.6213911
53021020606,574.0667551,140.7264529
53021020700,165846.7932,298.5495604
53021020800,165526.2852,360.4760519
53021980100,212.6326552,76.38364903
53023970300,249705.038,347.6417184
53025010100,120250.1047,209.1489529
53025010200,126698.5157,297.0532997
53025010300,9279.596127,154.3570249
53025010400,3260.647881,102.4344876
53025010500,138919.0475,499.0103347
53025010600,570.5704441,175.3252255
53025010700,152010.8021,424.8565544
53025010800,776.4795514,52.45850179
53025010901,762.3393224,174.6031341
53025010902,432.6867315,46.76313484
53025011000,15919.05305,408.4168471
53025011100,57.48328615,12.06183932
53025011200,83220.35928,373.8768135
53025011300,59865.00611,534.3058655
53025011401,54823.16645,516.3884896
53025011402,193562.5152,354.7494052
53037975700,10433.26853,24.88422682
53043960100,210.9397916,110.5663643
53043960200,127333.1824,230.3421026
53043960300,172576.1613,229.1054281
53043960400,266532.9225,258.3459522
53047940100,2666.29044,7.32608452
53047940200,36667.10708,53.09901508
53047970300,22027.22017,17.20519921
53047970400,11396.98404,50.02271584
53047970500,9183.873617,22.83214019
53047970600,4545.5284,287.1847223
53047970700,4559.827583,133.7829351
53047970800,21460.25957,101.52667
53047971000,13039.15011,21.39281724
53051970100,479.7172845,0.705500259
53051970200,1730.602303,3.603615596
53051970300,167.9280672,4.574996018
53051970400,842.3710919,5.171283084
53051970500,395.6237183,6.022229838
53063000200,0,0
53063000300,0,0
53063000400,16.76293188,22.57253255
53063000500,0,0
53063000600,0.060258421,0.120071896
53063000700,0,0
53063000800,0.332581212,0.240787228
53063000900,1.376795646,0.830862356
53063001000,3.222243355,2.144523143
53063001100,0.151329089,0.170205394
53063001200,0.060258421,0.156014717
53063001300,0,0
53063001400,2.793821245,2.765118381
53063001500,0.050898387,0.057547391
53063001600,0.055589163,0.06846489
53063001800,14.08028975,21.85701017
53063001900,0,0
53063002000,11.33073954,16.46420975
53063002100,0,0
53063002300,0.279452011,0.263761164
53063002400,109.199037,130.590389
53063002500,42.1899513,33.412713
53063002600,0,0
53063002900,0,0
53063003000,0,0
53063003100,0.067864523,0.077636659
53063003200,22.35057437,46.61558162
53063003500,8.386371226,12.51126403
53063003600,81.34671665,44.07856693
53063003800,0.080344561,0.062767345
53063003900,18.40885904,5.282170577
53063004000,0,0
53063004100,11.17528939,26.00080353
53063004200,0,0
53063004300,0.302817043,0.340284897
53063004400,0,0
53063004500,13.96911064,13.78760331
53063004601,25.17833358,26.16752759
53063004602,0,0
53063004700,2.793821245,2.241861298
53063004800,1.612089507,1.551731056
53063004900,0.189378935,0.123439645
53063005000,149.1307713,36.22090675
53063010100,1993.486354,12.91861201
53063010201,1159.983136,14.39728322
53063010202,7150.45317,100.569753
53063010301,169.8802385,20.30313618
53063010303,2247.10129,54.32664827
53063010304,2048.927543,28.08122595
53063010305,636.1359209,25.71654998
53063010401,335.9198921,30.88638052
53063010402,11558.86286,65.8657196
53063010501,11.83110289,3.296609576
53063010503,405.9389271,14.11708589
53063010504,57.71188347,15.98376904
53063010601,7.080381445,2.256424545
53063010602,6.846515077,2.163190708
53063010700,147.5188174,31.3948366
53063010800,0,0
53063010900,36.73774318,19.42394038
53063011000,0.111178347,0.146831154
53063011101,0,0
53063011102,0.01966112,0.021300093
53063011201,37.77680387,6.516084136
53063011202,546.4957446,42.69508301
53063011300,110.9474791,15.09877103
53063011400,430.7636392,46.75653165
53063011500,0,0
53063011600,0.055589163,0.079253382
53063011701,0,0
53063011702,24.57320876,8.59755998
53063011800,0.12042793,0.109422342
53063011900,0,0
53063012000,2.793821245,2.281564912
53063012100,19.61234489,20.02624325
53063012200,45.58379145,11.25252805
53063012300,3.284806135,1.389501755
53063012401,60.66841468,10.22879545
53063012402,262.0156507,21.53366319
53063012500,0,0
53063012600,0,0
53063012701,13.96911064,13.62508446
53063012702,0,0
53063012801,0,0
53063012802,0,0
53063012901,0.188939003,0.177007104
53063012902,33.96699552,16.71850409
53063013000,66.7763437,15.88801558
53063013100,567.0906678,60.33313171
53063013201,220.3120171,20.58633275
53063013202,272.5793205,11.67742422
53063013300,3114.197005,39.54001199
53063013401,157.1160026,20.25603755
53063013500,2620.482792,45.02479099
53063013600,250.9486656,20.37526591
53063013700,681.2314766,24.63966624
53063013800,153.1930751,23.12539259
53063013900,895.4892693,51.56960148
53063014001,9.735353352,8.998481025
53063014002,1305.708251,129.1986324
53063014100,8768.998914,80.48590211
53063014200,19901.70161,78.60444767
53063014300,55478.57871,166.8069414
53063014400,5.577280764,2.274356087
53063014500,3.04397316,0.983656759
53065941000,2763.604688,11.29635334
53065950100,3545.092701,5.072730659
53065950200,2600.835195,12.62851068
53065950300,71.92175653,35.92266874
53065950500,72.84531704,26.6231822
53065950600,823.5658814,2.895480047
53065950700,379.6022847,63.60309968
53065950800,3467.132836,11.93632147
53065950900,2409.641503,8.579062299
53065951100,1575.512833,6.648038649
53065951300,1606.401139,8.594866376
53065951400,1475.860804,14.68220238
53071920000,507768.4618,768.7165236
53071920100,367836.6547,647.3155537
53071920200,22777.89637,835.7546649
53071920300,131.4860301,61.28824968
53071920400,398.0631332,453.4230121
53071920500,73.54083138,49.83383596
53071920600,168.5992425,65.08449923
53071920701,0.015362741,0.021471949
53071920702,35.99498378,26.27556309
53071920801,87.70460579,60.58912458
53071920802,3.259459589,6.471325705
53071920900,32719.39958,1029.081651
53075000100,99.03839432,175.2174957
53075000200,22711.47109,539.2258486
53075000300,33540.13649,536.4043713
53075000400,27204.82269,515.1337218
53075000500,297.8365796,523.5768209
53075000600,15464.14681,476.5183516
53075000700,188734.5239,541.2778449
53075000800,78364.47954,572.0038753
53075000900,444824.7222,557.7335238
53075001000,436389.6156,620.2190906
53077001701,35221.97695,88.1792319
53077001800,35017.41001,366.6650367
53077001901,615.752421,303.0598749
53077001902,412.8352071,221.5129629
53077002001,958.8682014,287.0968008
53077002002,639.7512815,177.0564164
53077002101,25842.47614,347.1892037
53077002102,17062.21381,403.6498823
53077002200,30198.87658,376.8708989
53077002701,33949.46877,225.4922328
