"County Name","County","Cumulative Smoke Score (2016-2022)"
"n/a","State Total","2289"
"Adams","53001950100","3297.6"
"Adams","53001950200","3200.5"
"Adams","53001950300","3103.5"
"Adams","53001950400","3107.2"
"Adams","53001950500","3092.2"
"Asotin","53003960100","3900.8"
"Asotin","53003960200","4101.8"
"Asotin","53003960300","4042.4"
"Asotin","53003960400","4042.4"
"Asotin","53003960500","4042.4"
"Asotin","53003960600","4042.4"
"Benton","53005010100","2918.9"
"Benton","53005010201","2912.7"
"Benton","53005010202","2918.9"
"Benton","53005010300","2911.8"
"Benton","53005010400","2915.1"
"Benton","53005010500","2915.1"
"Benton","53005010600","2914.7"
"Benton","53005010701","2927.4"
"Benton","53005010703","2920.4"
"Benton","53005010705","2908.5"
"Benton","53005010707","2905.4"
"Benton","53005010708","2909.1"
"Benton","53005010803","2911.4"
"Benton","53005010805","2921.3"
"Benton","53005010807","2926.6"
"Benton","53005010809","2917.4"
"Benton","53005010810","2907.5"
"Benton","53005010811","2911.4"
"Benton","53005010813","2907.5"
"Benton","53005010814","2912"
"Benton","53005010901","2910.8"
"Benton","53005010902","2900.9"
"Benton","53005011001","2910.8"
"Benton","53005011002","2900.9"
"Benton","53005011100","2898"
"Benton","53005011200","2898"
"Benton","53005011300","2898"
"Benton","53005011401","2897.7"
"Benton","53005011402","2899.2"
"Benton","53005011501","2888.1"
"Benton","53005011503","2905.8"
"Benton","53005011504","2888.1"
"Benton","53005011600","2926"
"Benton","53005011700","4907"
"Benton","53005011800","4893"
"Benton","53005011900","2962.8"
"Benton","53005012000","4942.5"
"Chelan","53007960100","4235.5"
"Chelan","53007960200","3032"
"Chelan","53007960300","5659.2"
"Chelan","53007960400","5785.2"
"Chelan","53007960500","3982.8"
"Chelan","53007960600","5357.9"
"Chelan","53007960700","5012.5"
"Chelan","53007960801","5324.4"
"Chelan","53007960802","5640.6"
"Chelan","53007961000","5495.1"
"Chelan","53007961100","5501"
"Chelan","53007961200","5427"
"Chelan","53007961301","5475.9"
"Chelan","53007961302","5299.3"
"Clallam","53009000200","1790.2"
"Clallam","53009000300","1789.5"
"Clallam","53009000400","1789.5"
"Clallam","53009000600","1476"
"Clallam","53009000700","1589.1"
"Clallam","53009000800","1589.1"
"Clallam","53009000900","1647.1"
"Clallam","53009001000","1647.1"
"Clallam","53009001100","1589.1"
"Clallam","53009001200","1647.1"
"Clallam","53009001300","1647.1"
"Clallam","53009001400","1605.6"
"Clallam","53009001500","1414.1"
"Clallam","53009001600","1623.2"
"Clallam","53009001700","1665.2"
"Clallam","53009001800","1565.4"
"Clallam","53009001900","1330.6"
"Clallam","53009002000","1671.6"
"Clallam","53009002100","1326.6"
"Clallam","53009002300","1272.4"
"Clallam","53009940000","1158.9"
"Clallam","53009990100","1638.4"
"Clark","53011040101","2505.1"
"Clark","53011040102","2504.2"
"Clark","53011040201","2473.1"
"Clark","53011040202","2473.1"
"Clark","53011040203","2504.2"
"Clark","53011040301","2423.1"
"Clark","53011040302","2834.4"
"Clark","53011040403","2843.4"
"Clark","53011040407","2779.6"
"Clark","53011040408","2857.6"
"Clark","53011040409","2839"
"Clark","53011040411","2838"
"Clark","53011040412","2838"
"Clark","53011040413","2857.6"
"Clark","53011040414","2506.7"
"Clark","53011040415","2506.7"
"Clark","53011040416","2506.7"
"Clark","53011040504","2760.1"
"Clark","53011040505","2779.6"
"Clark","53011040507","3073.3"
"Clark","53011040508","3073.3"
"Clark","53011040509","3095.2"
"Clark","53011040510","3094"
"Clark","53011040511","2760.1"
"Clark","53011040603","3109.1"
"Clark","53011040604","3133.6"
"Clark","53011040605","3090.5"
"Clark","53011040608","3114"
"Clark","53011040609","3114"
"Clark","53011040610","3090.5"
"Clark","53011040703","3113"
"Clark","53011040706","3113"
"Clark","53011040707","3113"
"Clark","53011040709","3121.1"
"Clark","53011040710","3130.7"
"Clark","53011040711","3113"
"Clark","53011040712","3133.6"
"Clark","53011040803","2838"
"Clark","53011040805","2838"
"Clark","53011040806","3111.1"
"Clark","53011040808","3111.1"
"Clark","53011040809","3111.1"
"Clark","53011040810","3111.1"
"Clark","53011040904","2838"
"Clark","53011040905","2833.4"
"Clark","53011040907","2833.4"
"Clark","53011040908","2833.4"
"Clark","53011040909","2833.4"
"Clark","53011040910","2833.4"
"Clark","53011041003","3111.1"
"Clark","53011041005","2833.4"
"Clark","53011041007","2838"
"Clark","53011041008","2833.4"
"Clark","53011041009","2838"
"Clark","53011041010","3111.1"
"Clark","53011041011","3111.1"
"Clark","53011041104","3113"
"Clark","53011041105","3111.1"
"Clark","53011041107","3111.1"
"Clark","53011041108","3113"
"Clark","53011041110","3111.1"
"Clark","53011041111","3113"
"Clark","53011041112","3113"
"Clark","53011041201","3113.6"
"Clark","53011041203","3113"
"Clark","53011041205","3113.6"
"Clark","53011041206","3113.6"
"Clark","53011041309","3114"
"Clark","53011041310","3114"
"Clark","53011041312","3113"
"Clark","53011041313","3113"
"Clark","53011041317","3113.6"
"Clark","53011041318","3113.6"
"Clark","53011041319","3114"
"Clark","53011041320","3114"
"Clark","53011041321","3114"
"Clark","53011041322","3114"
"Clark","53011041323","3114"
"Clark","53011041325","3114"
"Clark","53011041326","3113"
"Clark","53011041327","3113.4"
"Clark","53011041328","3114"
"Clark","53011041329","3114"
"Clark","53011041330","3113"
"Clark","53011041331","3113"
"Clark","53011041332","3113"
"Clark","53011041333","3113"
"Clark","53011041400","3114"
"Clark","53011041500","3091"
"Clark","53011041600","3113.6"
"Clark","53011041700","3111.7"
"Clark","53011041800","3111.1"
"Clark","53011041900","3111.1"
"Clark","53011042000","3111.1"
"Clark","53011042100","3111.1"
"Clark","53011042300","3111.7"
"Clark","53011042400","3111.7"
"Clark","53011042500","3111.7"
"Clark","53011042600","3113.6"
"Clark","53011042700","3113.6"
"Clark","53011042800","3113.6"
"Clark","53011042900","3113.6"
"Clark","53011043000","3113.6"
"Clark","53011043100","3113.6"
"Columbia","53013960200","2740.6"
"Cowlitz","53015000300","1413.2"
"Cowlitz","53015000400","1393.1"
"Cowlitz","53015000501","1393.1"
"Cowlitz","53015000502","1393.1"
"Cowlitz","53015000601","1391"
"Cowlitz","53015000602","1393.1"
"Cowlitz","53015000702","1389.6"
"Cowlitz","53015000703","1389.6"
"Cowlitz","53015000704","1389.6"
"Cowlitz","53015000800","1391"
"Cowlitz","53015000900","1393.1"
"Cowlitz","53015001000","1393.1"
"Cowlitz","53015001100","1413.2"
"Cowlitz","53015001200","1413.2"
"Cowlitz","53015001300","1393.1"
"Cowlitz","53015001501","1930.5"
"Cowlitz","53015001502","1855.4"
"Cowlitz","53015001600","1443.2"
"Cowlitz","53015001700","1408.6"
"Cowlitz","53015001800","1310.7"
"Cowlitz","53015001900","1356.8"
"Cowlitz","53015002001","1316.8"
"Cowlitz","53015002002","1355.9"
"Cowlitz","53015002100","1393.1"
"Douglas","53017950100","5712.8"
"Douglas","53017950200","6174.1"
"Douglas","53017950300","5328.7"
"Douglas","53017950400","5640.6"
"Douglas","53017950500","5640.6"
"Douglas","53017950600","5638.1"
"Douglas","53017950700","5644"
"Douglas","53017950800","5498.5"
"Ferry","53019940000","3537.7"
"Ferry","53019970100","5155.6"
"Ferry","53019970200","5184"
"Franklin","53021020100","2899.7"
"Franklin","53021020200","2910.8"
"Franklin","53021020300","2910.8"
"Franklin","53021020400","2910.8"
"Franklin","53021020501","2910.8"
"Franklin","53021020502","2910.8"
"Franklin","53021020601","2919.2"
"Franklin","53021020603","2910.8"
"Franklin","53021020605","2910.8"
"Franklin","53021020606","2918.2"
"Franklin","53021020700","2888.3"
"Franklin","53021020800","2907.6"
"Franklin","53021980100","2910.8"
"Garfield","53023970300","2720.6"
"Grant","53025010100","3023.5"
"Grant","53025010200","3090.7"
"Grant","53025010300","3107.7"
"Grant","53025010400","3518.8"
"Grant","53025010500","4393.6"
"Grant","53025010600","4361"
"Grant","53025010700","3072.9"
"Grant","53025010800","3081.9"
"Grant","53025010901","3084.8"
"Grant","53025010902","3083.3"
"Grant","53025011000","3092.5"
"Grant","53025011100","3076"
"Grant","53025011200","3524.6"
"Grant","53025011300","3059.2"
"Grant","53025011401","3070.8"
"Grant","53025011402","3077.3"
"Grays Harbor","53027000200","1132"
"Grays Harbor","53027000300","1130"
"Grays Harbor","53027000400","1171.8"
"Grays Harbor","53027000500","1181.9"
"Grays Harbor","53027000600","1724.4"
"Grays Harbor","53027000700","1199.9"
"Grays Harbor","53027000800","1162.2"
"Grays Harbor","53027000900","1130"
"Grays Harbor","53027001000","1134.6"
"Grays Harbor","53027001100","1134.6"
"Grays Harbor","53027001200","1134.6"
"Grays Harbor","53027001300","1134.6"
"Grays Harbor","53027001400","1134.6"
"Grays Harbor","53027001500","1134.6"
"Grays Harbor","53027001600","1130"
"Grays Harbor","53027940000","975"
"Grays Harbor","53027990000","1070.9"
"Island","53029970100","1389.9"
"Island","53029970200","1389.9"
"Island","53029970300","1242.1"
"Island","53029970400","1370.6"
"Island","53029970500","1252.6"
"Island","53029970601","1370.6"
"Island","53029970602","1347.6"
"Island","53029970700","1347.6"
"Island","53029970800","1370.6"
"Island","53029970900","1240.6"
"Island","53029971000","1252.3"
"Island","53029971100","1252.3"
"Island","53029971300","1288.2"
"Island","53029971400","1341"
"Island","53029971500","974"
"Island","53029971600","1081.8"
"Island","53029971700","1122.6"
"Island","53029971800","992.4"
"Island","53029971900","1103.9"
"Island","53029972000","1148.8"
"Island","53029972100","1153.9"
"Island","53029992201","1252.6"
"Jefferson","53031950202","1452.6"
"Jefferson","53031950300","1319.2"
"Jefferson","53031950400","1195"
"Jefferson","53031950500","1232"
"Jefferson","53031950601","1249"
"Jefferson","53031950602","1249"
"Jefferson","53031950702","1453.5"
"Jefferson","53031990000","1035"
"King","53033000100","1764.2"
"King","53033000200","1762.8"
"King","53033000300","1762.8"
"King","53033000401","1761.9"
"King","53033000402","1761.9"
"King","53033000500","1761.9"
"King","53033000600","1761.9"
"King","53033000700","1761.9"
"King","53033000800","1761.9"
"King","53033000900","1763.3"
"King","53033001000","1761.9"
"King","53033001100","1761.9"
"King","53033001200","1761.9"
"King","53033001300","1761.9"
"King","53033001400","1761.9"
"King","53033001500","1766.9"
"King","53033001600","1766.9"
"King","53033001701","1766.9"
"King","53033001702","1766.9"
"King","53033001800","1766.9"
"King","53033001900","1766.9"
"King","53033002000","1766.9"
"King","53033002100","1766.9"
"King","53033002200","1766.9"
"King","53033002400","1766.9"
"King","53033002500","1766.9"
"King","53033002600","1766.9"
"King","53033002700","1766.9"
"King","53033002800","1766.9"
"King","53033002900","1766.9"
"King","53033003000","1766.9"
"King","53033003100","1766.9"
"King","53033003200","1582.8"
"King","53033003300","1582.8"
"King","53033003400","1582.8"
"King","53033003500","1582.8"
"King","53033003600","1582.8"
"King","53033003800","1766.9"
"King","53033003900","1766.9"
"King","53033004000","1768.3"
"King","53033004100","1582.8"
"King","53033004200","1582.8"
"King","53033004301","1582.8"
"King","53033004302","1582.8"
"King","53033004400","1582.8"
"King","53033004500","1582.8"
"King","53033004600","1766.9"
"King","53033004700","1582.8"
"King","53033004800","1582.8"
"King","53033004900","1582.8"
"King","53033005000","1582.8"
"King","53033005100","1582.8"
"King","53033005200","1582.8"
"King","53033005301","1582.8"
"King","53033005302","1582.8"
"King","53033005400","1582.8"
"King","53033005600","1582.8"
"King","53033005700","1582.8"
"King","53033005801","1582.8"
"King","53033005802","1582.8"
"King","53033005900","1582.8"
"King","53033006000","1582.8"
"King","53033006100","1582.8"
"King","53033006200","1582.8"
"King","53033006300","1582.8"
"King","53033006400","1582.8"
"King","53033006500","1582.8"
"King","53033006600","1582.8"
"King","53033006700","1582.8"
"King","53033006800","1582.8"
"King","53033006900","1582.8"
"King","53033007000","1582.8"
"King","53033007100","1582.8"
"King","53033007200","1582.8"
"King","53033007300","1582.8"
"King","53033007401","1582.8"
"King","53033007402","1582.8"
"King","53033007500","1582.8"
"King","53033007600","1582.8"
"King","53033007700","1582.8"
"King","53033007800","1582.8"
"King","53033007900","1582.8"
"King","53033008001","1582.8"
"King","53033008002","1582.8"
"King","53033008100","1582.8"
"King","53033008200","1582.8"
"King","53033008300","1582.8"
"King","53033008400","1582.8"
"King","53033008500","1582.8"
"King","53033008600","1582.8"
"King","53033008700","1582.8"
"King","53033008800","1582.8"
"King","53033008900","1582.8"
"King","53033009000","1582.8"
"King","53033009100","1582.8"
"King","53033009200","1582.8"
"King","53033009300","1588.7"
"King","53033009400","1582.8"
"King","53033009500","1588.7"
"King","53033009600","1584.9"
"King","53033009701","1584.9"
"King","53033009702","1584.9"
"King","53033009800","1584.9"
"King","53033009900","1584.9"
"King","53033010001","1588.7"
"King","53033010002","1588.7"
"King","53033010100","1588.7"
"King","53033010200","1588.7"
"King","53033010300","1588.7"
"King","53033010401","1588.7"
"King","53033010402","1588.7"
"King","53033010500","1594.8"
"King","53033010600","1594.8"
"King","53033010701","1594.8"
"King","53033010702","1594.8"
"King","53033010800","1594.8"
"King","53033010900","1663.8"
"King","53033011001","1671.8"
"King","53033011002","1671.8"
"King","53033011101","1671.8"
"King","53033011102","1833.2"
"King","53033011200","1663.8"
"King","53033011300","1613.4"
"King","53033011401","1613.4"
"King","53033011402","1613.4"
"King","53033011500","1613.4"
"King","53033011600","1613.4"
"King","53033011700","2056.8"
"King","53033011800","2056.8"
"King","53033011900","2056.8"
"King","53033012000","1613.4"
"King","53033012100","1613.4"
"King","53033020100","1592.3"
"King","53033020200","1592.3"
"King","53033020300","1592.3"
"King","53033020401","1764.2"
"King","53033020402","1790"
"King","53033020500","1764.2"
"King","53033020600","1762.8"
"King","53033020700","1762.8"
"King","53033020800","1762.8"
"King","53033020900","1762.8"
"King","53033021000","1762.8"
"King","53033021100","1762.8"
"King","53033021300","1764.2"
"King","53033021400","1764.2"
"King","53033021500","1790"
"King","53033021600","1790"
"King","53033021700","1790"
"King","53033021802","1801.3"
"King","53033021803","1790"
"King","53033021804","1790"
"King","53033021903","1799.6"
"King","53033021904","1799.6"
"King","53033021905","1789.1"
"King","53033021906","1789.1"
"King","53033022001","1790"
"King","53033022003","1789.1"
"King","53033022005","1799.6"
"King","53033022006","1799.6"
"King","53033022101","1790"
"King","53033022102","1790"
"King","53033022201","1789.1"
"King","53033022202","1789.1"
"King","53033022203","1763.3"
"King","53033022300","1763.3"
"King","53033022400","1782.4"
"King","53033022500","1762.6"
"King","53033022603","1808.2"
"King","53033022604","1795.1"
"King","53033022605","1795.1"
"King","53033022606","1795.1"
"King","53033022701","1583.1"
"King","53033022702","1583.1"
"King","53033022703","1583.1"
"King","53033022801","1583.1"
"King","53033022802","1795.1"
"King","53033022803","1583.1"
"King","53033022901","1586.5"
"King","53033022902","1586.5"
"King","53033023000","1586.5"
"King","53033023100","1583.9"
"King","53033023201","1586.5"
"King","53033023202","1586.5"
"King","53033023300","1583.9"
"King","53033023401","1583.9"
"King","53033023403","1547.2"
"King","53033023404","1665.3"
"King","53033023500","1580.5"
"King","53033023601","1583.1"
"King","53033023603","1583.1"
"King","53033023604","1583.9"
"King","53033023700","1583.1"
"King","53033023801","1580.5"
"King","53033023803","1583.1"
"King","53033023804","1583.1"
"King","53033023900","1580.2"
"King","53033024000","1583.1"
"King","53033024100","1583.1"
"King","53033024200","1582.8"
"King","53033024300","1588.7"
"King","53033024400","1580.2"
"King","53033024500","1580.2"
"King","53033024601","1588.7"
"King","53033024602","2056.8"
"King","53033024701","1580.2"
"King","53033024702","1710.6"
"King","53033024800","1583.9"
"King","53033024901","1580.5"
"King","53033024902","1547.2"
"King","53033024903","1677.6"
"King","53033025001","1710.6"
"King","53033025003","1665.3"
"King","53033025005","1673.9"
"King","53033025006","1665.3"
"King","53033025101","2025.2"
"King","53033025102","2012.9"
"King","53033025200","2084.6"
"King","53033025301","2056.8"
"King","53033025302","2056.8"
"King","53033025400","2084.6"
"King","53033025500","2025.2"
"King","53033025601","2025.2"
"King","53033025602","2012.9"
"King","53033025701","2084.6"
"King","53033025702","2012.9"
"King","53033025803","1591.8"
"King","53033025804","1579.2"
"King","53033025805","2084.6"
"King","53033025806","2084.6"
"King","53033026001","2056.8"
"King","53033026002","2056.8"
"King","53033026100","2056.8"
"King","53033026200","2084.6"
"King","53033026300","2056.8"
"King","53033026400","1833.2"
"King","53033026500","1782.6"
"King","53033026600","1613.4"
"King","53033026700","1782.6"
"King","53033026801","1782.6"
"King","53033026802","1782.6"
"King","53033027000","1997.3"
"King","53033027100","2056.8"
"King","53033027200","2056.8"
"King","53033027300","2056.8"
"King","53033027400","1997.3"
"King","53033027500","1997.3"
"King","53033027600","1997.3"
"King","53033027701","1822.5"
"King","53033027702","1510.4"
"King","53033027800","1997.4"
"King","53033027900","1997.4"
"King","53033028000","1997.4"
"King","53033028100","2056.8"
"King","53033028200","2056.8"
"King","53033028300","1649.2"
"King","53033028402","1997.4"
"King","53033028403","2056.8"
"King","53033028500","1997.4"
"King","53033028600","2042.1"
"King","53033028700","1608"
"King","53033028801","1608"
"King","53033028802","1591.8"
"King","53033028901","1612.7"
"King","53033028902","1636.8"
"King","53033029001","1636.8"
"King","53033029003","1636.8"
"King","53033029004","1636.8"
"King","53033029101","1636.8"
"King","53033029102","1636.8"
"King","53033029203","1636.8"
"King","53033029204","1596.5"
"King","53033029205","1636.8"
"King","53033029206","1653.9"
"King","53033029303","1653.9"
"King","53033029304","1583.9"
"King","53033029305","1653.9"
"King","53033029306","1583.9"
"King","53033029307","1585.4"
"King","53033029403","1583.9"
"King","53033029405","1583.9"
"King","53033029406","1585.4"
"King","53033029407","1583.9"
"King","53033029408","1583.9"
"King","53033029502","1625.7"
"King","53033029503","1624.2"
"King","53033029504","1624.2"
"King","53033029601","1625.7"
"King","53033029602","1625.7"
"King","53033029700","1636.8"
"King","53033029801","1636.8"
"King","53033029802","1636.8"
"King","53033029901","1646.1"
"King","53033029902","1646.1"
"King","53033030003","1636.8"
"King","53033030004","1636.8"
"King","53033030005","1636.8"
"King","53033030006","1646.1"
"King","53033030100","1535.6"
"King","53033030201","1535.6"
"King","53033030202","1535.6"
"King","53033030304","1530.2"
"King","53033030305","1530.2"
"King","53033030306","1530.2"
"King","53033030308","1530.2"
"King","53033030309","1535.6"
"King","53033030310","1530.2"
"King","53033030311","1530.2"
"King","53033030312","1530.2"
"King","53033030313","1535.6"
"King","53033030314","1535.6"
"King","53033030401","1644.5"
"King","53033030403","1530.2"
"King","53033030404","1627.9"
"King","53033030501","1633.5"
"King","53033030503","1624.2"
"King","53033030504","1633.5"
"King","53033030600","1633.5"
"King","53033030700","1633.5"
"King","53033030801","1633.5"
"King","53033030802","1633.5"
"King","53033030901","1627.9"
"King","53033030902","1627.9"
"King","53033031000","1643"
"King","53033031100","1633.5"
"King","53033031202","1565.1"
"King","53033031204","1644.5"
"King","53033031205","1635"
"King","53033031206","1635"
"King","53033031301","1801.4"
"King","53033031302","1801.4"
"King","53033031400","1801.4"
"King","53033031501","1859.3"
"King","53033031502","1771.6"
"King","53033031601","1602"
"King","53033031603","1518.3"
"King","53033031604","1511.6"
"King","53033031605","1561.2"
"King","53033031703","1585.4"
"King","53033031704","1625.7"
"King","53033031705","1585.4"
"King","53033031706","1585.4"
"King","53033031800","1585.4"
"King","53033031903","2019.7"
"King","53033031904","1595.4"
"King","53033031906","1594.9"
"King","53033031907","1585.4"
"King","53033031908","1585.4"
"King","53033031909","1585.4"
"King","53033032002","1512.1"
"King","53033032003","1913.6"
"King","53033032005","1594.9"
"King","53033032006","1552.4"
"King","53033032007","1552.4"
"King","53033032008","1511.6"
"King","53033032010","1511.6"
"King","53033032011","1511.6"
"King","53033032102","1913.6"
"King","53033032103","1665.3"
"King","53033032104","1665.3"
"King","53033032203","1537.6"
"King","53033032207","1537.6"
"King","53033032208","1665.3"
"King","53033032210","1459.2"
"King","53033032211","1530.5"
"King","53033032212","1496.6"
"King","53033032213","1496.6"
"King","53033032214","1537.6"
"King","53033032215","1496.6"
"King","53033032307","1854"
"King","53033032309","1795.1"
"King","53033032311","1894.6"
"King","53033032313","1798.5"
"King","53033032315","1795.5"
"King","53033032316","1604.3"
"King","53033032317","1537.6"
"King","53033032318","1540.4"
"King","53033032319","1800.4"
"King","53033032320","1800.4"
"King","53033032321","1810.8"
"King","53033032322","1810.8"
"King","53033032323","1805.4"
"King","53033032324","1795.1"
"King","53033032325","1795.1"
"King","53033032326","1796.8"
"King","53033032327","1810"
"King","53033032328","1784.7"
"King","53033032329","1827"
"King","53033032401","1844.6"
"King","53033032402","1795.5"
"King","53033032500","2050.6"
"King","53033032601","1929.8"
"King","53033032602","1911.2"
"King","53033032702","1743"
"King","53033032703","1852.4"
"King","53033032704","1852.4"
"King","53033032800","1962.3"
"Kitsap","53035080101","1433.8"
"Kitsap","53035080102","1433.8"
"Kitsap","53035080200","1433.8"
"Kitsap","53035080300","1433.8"
"Kitsap","53035080400","1433.8"
"Kitsap","53035080500","1433.8"
"Kitsap","53035080600","1433.8"
"Kitsap","53035080700","1433.8"
"Kitsap","53035080800","1433.8"
"Kitsap","53035080900","1433.8"
"Kitsap","53035081000","1433.8"
"Kitsap","53035081100","1433.8"
"Kitsap","53035081200","1433.8"
"Kitsap","53035081400","1433.8"
"Kitsap","53035090101","1599.8"
"Kitsap","53035090102","1591.4"
"Kitsap","53035090201","1450.8"
"Kitsap","53035090202","1485.5"
"Kitsap","53035090300","1450.8"
"Kitsap","53035090400","1461.1"
"Kitsap","53035090501","1461.1"
"Kitsap","53035090502","1461.1"
"Kitsap","53035090700","1466"
"Kitsap","53035090800","1466"
"Kitsap","53035090900","1466"
"Kitsap","53035091000","1433.8"
"Kitsap","53035091100","1466"
"Kitsap","53035091201","1449"
"Kitsap","53035091203","1466"
"Kitsap","53035091204","1459.3"
"Kitsap","53035091301","1449"
"Kitsap","53035091302","1449"
"Kitsap","53035091400","1433.8"
"Kitsap","53035091500","1459.3"
"Kitsap","53035091600","1459.3"
"Kitsap","53035091700","1459.3"
"Kitsap","53035091800","1433.8"
"Kitsap","53035091900","1459.3"
"Kitsap","53035092000","1471.4"
"Kitsap","53035092100","1481.6"
"Kitsap","53035092200","1433.8"
"Kitsap","53035092300","1481.6"
"Kitsap","53035092400","1433.8"
"Kitsap","53035092500","1433.8"
"Kitsap","53035092600","1433.8"
"Kitsap","53035092701","1481.6"
"Kitsap","53035092704","1433.8"
"Kitsap","53035092801","1481.6"
"Kitsap","53035092802","1495.8"
"Kitsap","53035092803","1498.2"
"Kitsap","53035092901","1487.8"
"Kitsap","53035092902","1495.8"
"Kitsap","53035940000","1588.5"
"Kitsap","53035940100","1461.1"
"Kittitas","53037975100","2632.8"
"Kittitas","53037975200","3475.2"
"Kittitas","53037975300","4008.6"
"Kittitas","53037975401","3959.4"
"Kittitas","53037975402","3922.5"
"Kittitas","53037975500","3923"
"Kittitas","53037975600","3917.6"
"Kittitas","53037975700","3940.2"
"Klickitat","53039950100","3925.9"
"Klickitat","53039950200","5179"
"Klickitat","53039950300","4276.6"
"Lewis","53041970100","1587.1"
"Lewis","53041970200","1650.7"
"Lewis","53041970300","1669"
"Lewis","53041970400","1650.7"
"Lewis","53041970500","1650.7"
"Lewis","53041970600","1650.7"
"Lewis","53041970700","1650.7"
"Lewis","53041970800","1650.7"
"Lewis","53041970900","1650.7"
"Lewis","53041971000","1650.7"
"Lewis","53041971100","1650.7"
"Lewis","53041971200","1733.7"
"Lewis","53041971300","1730.1"
"Lewis","53041971400","1591"
"Lewis","53041971500","1562.3"
"Lewis","53041971600","1666.3"
"Lewis","53041971700","1728.7"
"Lewis","53041971800","1425.6"
"Lewis","53041971900","1547.7"
"Lewis","53041972000","2186.3"
"Lincoln","53043960100","3619.5"
"Lincoln","53043960200","3655"
"Lincoln","53043960300","3604.1"
"Lincoln","53043960400","3273.7"
"Mason","53045940000","1698.9"
"Mason","53045960100","1656.2"
"Mason","53045960200","1698.9"
"Mason","53045960300","1728.4"
"Mason","53045960400","1476.2"
"Mason","53045960500","1776.2"
"Mason","53045960600","1737.5"
"Mason","53045960700","1737.5"
"Mason","53045960800","1776.2"
"Mason","53045960900","1737.5"
"Mason","53045961000","1777"
"Mason","53045961100","1792.1"
"Mason","53045961200","1776.2"
"Mason","53045961300","1757.4"
"Okanogan","53047940100","5448.2"
"Okanogan","53047940200","5429.2"
"Okanogan","53047970300","5191.4"
"Okanogan","53047970400","5344.9"
"Okanogan","53047970500","5553.5"
"Okanogan","53047970600","5478.7"
"Okanogan","53047970700","5369.2"
"Okanogan","53047970800","4948.8"
"Okanogan","53047970900","5473.7"
"Okanogan","53047971000","5587.8"
"Pacific","53049950200","1147.9"
"Pacific","53049950300","1164.1"
"Pacific","53049950400","1115.6"
"Pacific","53049950500","1150.6"
"Pacific","53049950600","1150.6"
"Pacific","53049950700","1199.4"
"Pacific","53049950800","1196.9"
"Pacific","53049990100","1195.1"
"Pend Oreille","53051970100","5013.4"
"Pend Oreille","53051970200","4758.6"
"Pend Oreille","53051970300","5027.8"
"Pend Oreille","53051970400","4998.8"
"Pend Oreille","53051970500","4978.6"
"Pierce","53053060200","1530.2"
"Pierce","53053060300","1656.1"
"Pierce","53053060400","1658.9"
"Pierce","53053060500","1645.2"
"Pierce","53053060600","1663.6"
"Pierce","53053060700","1677.3"
"Pierce","53053060800","1658.9"
"Pierce","53053060903","1656.1"
"Pierce","53053060904","1656.1"
"Pierce","53053060905","1656.1"
"Pierce","53053060906","1656.1"
"Pierce","53053061001","1656.1"
"Pierce","53053061002","1656.1"
"Pierce","53053061100","1677.3"
"Pierce","53053061200","1677.3"
"Pierce","53053061300","1663.6"
"Pierce","53053061400","1663.6"
"Pierce","53053061500","1663.6"
"Pierce","53053061601","1663.6"
"Pierce","53053061602","1663.6"
"Pierce","53053061700","1663.6"
"Pierce","53053061800","1663.6"
"Pierce","53053061900","1663.6"
"Pierce","53053062000","1663.6"
"Pierce","53053062300","1663.6"
"Pierce","53053062400","1663.6"
"Pierce","53053062500","1663.6"
"Pierce","53053062600","1677.3"
"Pierce","53053062801","1677.3"
"Pierce","53053062802","1653.6"
"Pierce","53053062900","1653.6"
"Pierce","53053063000","1632.9"
"Pierce","53053063100","1632.9"
"Pierce","53053063200","1632.9"
"Pierce","53053063300","1632.9"
"Pierce","53053063400","1632.9"
"Pierce","53053063501","1632.9"
"Pierce","53053063502","1632.9"
"Pierce","53053070100","1676.5"
"Pierce","53053070203","1928.5"
"Pierce","53053070204","1801.4"
"Pierce","53053070205","1801.4"
"Pierce","53053070206","1801.4"
"Pierce","53053070207","1801.4"
"Pierce","53053070307","1801.4"
"Pierce","53053070308","1928.5"
"Pierce","53053070309","1929.7"
"Pierce","53053070310","1928.5"
"Pierce","53053070311","1801.4"
"Pierce","53053070312","1928.5"
"Pierce","53053070313","1924.6"
"Pierce","53053070314","1924.6"
"Pierce","53053070315","1925.8"
"Pierce","53053070316","1712.4"
"Pierce","53053070401","1928.5"
"Pierce","53053070403","1897.6"
"Pierce","53053070404","1921.3"
"Pierce","53053070703","1530.2"
"Pierce","53053071100","1632.9"
"Pierce","53053071205","1904.4"
"Pierce","53053071206","1893.6"
"Pierce","53053071207","1897.6"
"Pierce","53053071208","1897.6"
"Pierce","53053071209","1928.5"
"Pierce","53053071210","1928.5"
"Pierce","53053071304","1901.5"
"Pierce","53053071305","1632.9"
"Pierce","53053071306","1888.6"
"Pierce","53053071307","1896.7"
"Pierce","53053071309","1901.5"
"Pierce","53053071310","1901.5"
"Pierce","53053071403","1632.9"
"Pierce","53053071406","1901.5"
"Pierce","53053071407","1901.5"
"Pierce","53053071408","1632.9"
"Pierce","53053071409","1644.9"
"Pierce","53053071410","1901.5"
"Pierce","53053071411","1901.5"
"Pierce","53053071503","1632.9"
"Pierce","53053071504","1632.9"
"Pierce","53053071505","1632.9"
"Pierce","53053071506","1632.9"
"Pierce","53053071601","1632.9"
"Pierce","53053071602","1632.9"
"Pierce","53053071703","1632.9"
"Pierce","53053071704","1632.9"
"Pierce","53053071705","1632.9"
"Pierce","53053071706","1649.1"
"Pierce","53053071707","1632.9"
"Pierce","53053071803","1653.6"
"Pierce","53053071805","1649.1"
"Pierce","53053071806","1649.1"
"Pierce","53053071807","1649.1"
"Pierce","53053071808","1649.1"
"Pierce","53053071901","1649.1"
"Pierce","53053071902","1649.1"
"Pierce","53053072000","1649.1"
"Pierce","53053072105","1652.7"
"Pierce","53053072106","1653.6"
"Pierce","53053072107","1648.2"
"Pierce","53053072108","1649.1"
"Pierce","53053072109","1645.9"
"Pierce","53053072111","1671.9"
"Pierce","53053072112","1667.4"
"Pierce","53053072305","1677.3"
"Pierce","53053072307","1656.1"
"Pierce","53053072308","1656.1"
"Pierce","53053072309","1656.1"
"Pierce","53053072310","1656.1"
"Pierce","53053072311","1656.1"
"Pierce","53053072312","1677.3"
"Pierce","53053072313","1677.3"
"Pierce","53053072405","1640"
"Pierce","53053072406","1652.8"
"Pierce","53053072407","1652.8"
"Pierce","53053072408","1652.8"
"Pierce","53053072409","1652.8"
"Pierce","53053072410","1640"
"Pierce","53053072503","1650.7"
"Pierce","53053072504","1652.8"
"Pierce","53053072505","1650.7"
"Pierce","53053072506","1523.3"
"Pierce","53053072507","1652.8"
"Pierce","53053072601","1478.4"
"Pierce","53053072602","1640"
"Pierce","53053072603","1670.6"
"Pierce","53053072800","1523.8"
"Pierce","53053072901","1649.1"
"Pierce","53053072903","1667.4"
"Pierce","53053072905","1664.5"
"Pierce","53053072906","1672.6"
"Pierce","53053072907","1668.3"
"Pierce","53053073001","1924.5"
"Pierce","53053073005","1973.2"
"Pierce","53053073006","1947.7"
"Pierce","53053073108","1901.5"
"Pierce","53053073110","1897.6"
"Pierce","53053073111","1897.5"
"Pierce","53053073113","1901.5"
"Pierce","53053073114","1901.5"
"Pierce","53053073115","1901.5"
"Pierce","53053073116","1973.2"
"Pierce","53053073117","1977.3"
"Pierce","53053073118","1969.3"
"Pierce","53053073119","1874.2"
"Pierce","53053073120","1901.5"
"Pierce","53053073121","1901.5"
"Pierce","53053073122","1901.5"
"Pierce","53053073123","1897.6"
"Pierce","53053073124","1901.5"
"Pierce","53053073125","1901.5"
"Pierce","53053073126","1901.5"
"Pierce","53053073200","1855.9"
"Pierce","53053073301","1924.6"
"Pierce","53053073302","1924.6"
"Pierce","53053073404","1900.8"
"Pierce","53053073405","1924.6"
"Pierce","53053073406","1924.6"
"Pierce","53053073407","1807.6"
"Pierce","53053073408","1826.5"
"Pierce","53053073500","1707.2"
"Pierce","53053940001","1514.8"
"Pierce","53053940002","1530.2"
"Pierce","53053940003","1530.2"
"Pierce","53053940004","1634.3"
"Pierce","53053940005","1530.2"
"Pierce","53053940006","1657.4"
"Pierce","53053940007","1530.2"
"Pierce","53053940008","1530.2"
"Pierce","53053940009","1614.9"
"Pierce","53053940010","1807.6"
"Pierce","53053940011","1530.2"
"San Juan","53055960100","1389.5"
"San Juan","53055960300","1361.7"
"San Juan","53055960400","1258.8"
"San Juan","53055960500","1267.3"
"San Juan","53055990100","1244.6"
"Skagit","53057940200","1397.8"
"Skagit","53057940300","1397.8"
"Skagit","53057940400","1397.8"
"Skagit","53057940500","1397.8"
"Skagit","53057940600","1400.6"
"Skagit","53057940700","1400.6"
"Skagit","53057940800","1392.8"
"Skagit","53057950100","1400.6"
"Skagit","53057950800","1404.9"
"Skagit","53057950900","1254.8"
"Skagit","53057951000","1240.2"
"Skagit","53057951100","2744.6"
"Skagit","53057951200","1203"
"Skagit","53057951300","1258.7"
"Skagit","53057951400","1258.8"
"Skagit","53057951500","1258.8"
"Skagit","53057951600","1258.7"
"Skagit","53057951700","1244.2"
"Skagit","53057951800","1244.2"
"Skagit","53057951900","1274.6"
"Skagit","53057952100","1250.6"
"Skagit","53057952200","1244.2"
"Skagit","53057952301","1244.2"
"Skagit","53057952302","1244.2"
"Skagit","53057952401","978.2"
"Skagit","53057952402","978.2"
"Skagit","53057952500","1274.6"
"Skagit","53057952600","1008.6"
"Skagit","53057952700","978.2"
"Skagit","53057990100","1392.9"
"Skamania","53059950100","2662.2"
"Skamania","53059950200","2578.5"
"Skamania","53059950300","4229"
"Skamania","53059950400","4358.4"
"Skamania","53059950500","4229"
"Snohomish","53061040100","1720.9"
"Snohomish","53061040200","1720.9"
"Snohomish","53061040300","1720.9"
"Snohomish","53061040400","1720.9"
"Snohomish","53061040500","1720.9"
"Snohomish","53061040700","1720.9"
"Snohomish","53061040800","1720.9"
"Snohomish","53061040900","1720.9"
"Snohomish","53061041000","1720.9"
"Snohomish","53061041100","1720.9"
"Snohomish","53061041201","1720.9"
"Snohomish","53061041202","1720.9"
"Snohomish","53061041301","1177.1"
"Snohomish","53061041303","1720.9"
"Snohomish","53061041304","1153.8"
"Snohomish","53061041400","1720.9"
"Snohomish","53061041500","1720.9"
"Snohomish","53061041601","1749.2"
"Snohomish","53061041605","1749.2"
"Snohomish","53061041606","1750.2"
"Snohomish","53061041607","1749.2"
"Snohomish","53061041608","1750.2"
"Snohomish","53061041701","1750.2"
"Snohomish","53061041703","1750.2"
"Snohomish","53061041704","1750.2"
"Snohomish","53061041805","1749.2"
"Snohomish","53061041806","1750.2"
"Snohomish","53061041808","1750.2"
"Snohomish","53061041809","1750.2"
"Snohomish","53061041810","1750.2"
"Snohomish","53061041811","1750.2"
"Snohomish","53061041812","1750.2"
"Snohomish","53061041901","1750.2"
"Snohomish","53061041903","1749.2"
"Snohomish","53061041904","1749.2"
"Snohomish","53061041905","1750.2"
"Snohomish","53061042001","1177.1"
"Snohomish","53061042003","1678.8"
"Snohomish","53061042004","1678.8"
"Snohomish","53061042005","1678.8"
"Snohomish","53061042006","1739"
"Snohomish","53061050101","1678.8"
"Snohomish","53061050102","1678.8"
"Snohomish","53061050200","1671.7"
"Snohomish","53061050300","1592.3"
"Snohomish","53061050401","1592.3"
"Snohomish","53061050402","1592.3"
"Snohomish","53061050500","1592.3"
"Snohomish","53061050600","1592.3"
"Snohomish","53061050700","1592.3"
"Snohomish","53061050800","1592.3"
"Snohomish","53061050900","1592.3"
"Snohomish","53061051000","1592.3"
"Snohomish","53061051100","1592.3"
"Snohomish","53061051200","1618.1"
"Snohomish","53061051300","1618.1"
"Snohomish","53061051400","1618.1"
"Snohomish","53061051500","1592.3"
"Snohomish","53061051601","1678.8"
"Snohomish","53061051602","1671.7"
"Snohomish","53061051701","1671.7"
"Snohomish","53061051702","1678.8"
"Snohomish","53061051802","1678.8"
"Snohomish","53061051803","1678.8"
"Snohomish","53061051804","1690.1"
"Snohomish","53061051905","1671.7"
"Snohomish","53061051912","1854.9"
"Snohomish","53061051913","1618.1"
"Snohomish","53061051914","1790"
"Snohomish","53061051915","1671.7"
"Snohomish","53061051916","1843.6"
"Snohomish","53061051917","1790"
"Snohomish","53061051918","1790"
"Snohomish","53061051921","1690.1"
"Snohomish","53061051922","1683"
"Snohomish","53061051923","1690.1"
"Snohomish","53061051924","1690.1"
"Snohomish","53061051925","1854.9"
"Snohomish","53061051926","1854.9"
"Snohomish","53061051927","1690.1"
"Snohomish","53061051928","1690.1"
"Snohomish","53061052003","1750.2"
"Snohomish","53061052004","1750.2"
"Snohomish","53061052005","1750.2"
"Snohomish","53061052006","1750.2"
"Snohomish","53061052007","1750.2"
"Snohomish","53061052104","1720.9"
"Snohomish","53061052105","1750.2"
"Snohomish","53061052107","1922.2"
"Snohomish","53061052108","1922.2"
"Snohomish","53061052112","1922.2"
"Snohomish","53061052113","1922.2"
"Snohomish","53061052114","1750.2"
"Snohomish","53061052115","1750.2"
"Snohomish","53061052118","1750.2"
"Snohomish","53061052203","1725"
"Snohomish","53061052204","1922.2"
"Snohomish","53061052206","1759.1"
"Snohomish","53061052207","1758.4"
"Snohomish","53061052208","1931.4"
"Snohomish","53061052209","1922.2"
"Snohomish","53061052301","1773.2"
"Snohomish","53061052302","1720.9"
"Snohomish","53061052401","1720.9"
"Snohomish","53061052402","1720.9"
"Snohomish","53061052502","1720.9"
"Snohomish","53061052503","1720.9"
"Snohomish","53061052504","1720.9"
"Snohomish","53061052603","1761.2"
"Snohomish","53061052604","1761.2"
"Snohomish","53061052605","1761.2"
"Snohomish","53061052606","1761.2"
"Snohomish","53061052607","1720.9"
"Snohomish","53061052701","1716.1"
"Snohomish","53061052705","1753.7"
"Snohomish","53061052706","1720.9"
"Snohomish","53061052707","1761.2"
"Snohomish","53061052708","1753.7"
"Snohomish","53061052709","1753.7"
"Snohomish","53061052803","1716.1"
"Snohomish","53061052804","1753.7"
"Snohomish","53061052805","1713.4"
"Snohomish","53061052806","1753.7"
"Snohomish","53061052903","1720.9"
"Snohomish","53061052904","1720.9"
"Snohomish","53061052905","1713.4"
"Snohomish","53061052906","1713.4"
"Snohomish","53061053101","1118"
"Snohomish","53061053102","1118"
"Snohomish","53061053201","1116"
"Snohomish","53061053202","1116"
"Snohomish","53061053301","998.6"
"Snohomish","53061053302","983.8"
"Snohomish","53061053400","1260.3"
"Snohomish","53061053504","1752.8"
"Snohomish","53061053505","1842.3"
"Snohomish","53061053506","1857.6"
"Snohomish","53061053507","1752.8"
"Snohomish","53061053508","1752.8"
"Snohomish","53061053509","1752.8"
"Snohomish","53061053602","2150.8"
"Snohomish","53061053603","1753.7"
"Snohomish","53061053604","1842.3"
"Snohomish","53061053700","2503.2"
"Snohomish","53061053801","2473.4"
"Snohomish","53061053802","1790.6"
"Snohomish","53061053803","2595.4"
"Snohomish","53061940001","1720.9"
"Snohomish","53061940002","1153.8"
"Snohomish","53061990002","1148.8"
"Spokane","53063000200","4415.9"
"Spokane","53063000300","4880"
"Spokane","53063000400","4880"
"Spokane","53063000500","4880"
"Spokane","53063000600","4880"
"Spokane","53063000700","4888.5"
"Spokane","53063000800","4915.5"
"Spokane","53063000900","4888.5"
"Spokane","53063001000","4888.5"
"Spokane","53063001100","4880"
"Spokane","53063001200","4880"
"Spokane","53063001300","4880"
"Spokane","53063001400","4880"
"Spokane","53063001500","4415.9"
"Spokane","53063001600","4415.9"
"Spokane","53063001800","4409.6"
"Spokane","53063001900","4880"
"Spokane","53063002000","4874.1"
"Spokane","53063002100","4874.1"
"Spokane","53063002300","4874.1"
"Spokane","53063002400","4874.1"
"Spokane","53063002500","4409.6"
"Spokane","53063002600","4409.6"
"Spokane","53063002900","4447"
"Spokane","53063003000","4408.1"
"Spokane","53063003100","4408.1"
"Spokane","53063003200","4409.6"
"Spokane","53063003500","4409.6"
"Spokane","53063003600","4874.1"
"Spokane","53063003800","4874.1"
"Spokane","53063003900","4425.6"
"Spokane","53063004000","4409.6"
"Spokane","53063004100","4409.6"
"Spokane","53063004200","4408.1"
"Spokane","53063004300","4425.6"
"Spokane","53063004400","4425.6"
"Spokane","53063004500","4425.6"
"Spokane","53063004601","4425.6"
"Spokane","53063004602","4447"
"Spokane","53063004700","4447"
"Spokane","53063004800","4436.8"
"Spokane","53063004900","4417.3"
"Spokane","53063005000","4436.8"
"Spokane","53063010100","4419"
"Spokane","53063010201","5007.8"
"Spokane","53063010202","4450.6"
"Spokane","53063010301","4876.2"
"Spokane","53063010303","4947.6"
"Spokane","53063010304","4888.7"
"Spokane","53063010305","4914"
"Spokane","53063010401","4890.7"
"Spokane","53063010402","4938.3"
"Spokane","53063010501","4910.1"
"Spokane","53063010503","4926.7"
"Spokane","53063010504","4910.1"
"Spokane","53063010601","4926.7"
"Spokane","53063010602","4926.7"
"Spokane","53063010700","4910.1"
"Spokane","53063010800","4915.5"
"Spokane","53063010900","4915.5"
"Spokane","53063011000","4915.5"
"Spokane","53063011101","4907"
"Spokane","53063011102","4915.5"
"Spokane","53063011201","4915.5"
"Spokane","53063011202","4427"
"Spokane","53063011300","4444.4"
"Spokane","53063011400","4450.2"
"Spokane","53063011500","4442.9"
"Spokane","53063011600","4442.9"
"Spokane","53063011701","4454.1"
"Spokane","53063011702","4443.9"
"Spokane","53063011800","4443.9"
"Spokane","53063011900","4443.9"
"Spokane","53063012000","4454.1"
"Spokane","53063012100","4454.1"
"Spokane","53063012200","4421.3"
"Spokane","53063012300","4438.8"
"Spokane","53063012401","4443.9"
"Spokane","53063012402","4446.5"
"Spokane","53063012500","4443.9"
"Spokane","53063012600","4443.9"
"Spokane","53063012701","4443.9"
"Spokane","53063012702","4446.5"
"Spokane","53063012801","4446.5"
"Spokane","53063012802","4443.9"
"Spokane","53063012901","4443.9"
"Spokane","53063012902","4446.5"
"Spokane","53063013000","4435.4"
"Spokane","53063013100","4397.8"
"Spokane","53063013201","4398.6"
"Spokane","53063013202","4393.5"
"Spokane","53063013300","4448.4"
"Spokane","53063013401","4428.6"
"Spokane","53063013500","4417.3"
"Spokane","53063013600","4865.8"
"Spokane","53063013700","4874.1"
"Spokane","53063013800","4909.4"
"Spokane","53063013900","4917.5"
"Spokane","53063014001","4427.2"
"Spokane","53063014002","4903.8"
"Spokane","53063014100","4900.9"
"Spokane","53063014200","2923.7"
"Spokane","53063014300","2816.2"
"Spokane","53063014400","4415.9"
"Spokane","53063014500","4409.6"
"Stevens","53065941000","3629.5"
"Stevens","53065950100","5055.6"
"Stevens","53065950200","5098.6"
"Stevens","53065950300","5098.6"
"Stevens","53065950500","5081.2"
"Stevens","53065950600","5029.2"
"Stevens","53065950700","4954.9"
"Stevens","53065950800","5002.3"
"Stevens","53065950900","3513.5"
"Stevens","53065951100","3570.5"
"Stevens","53065951300","3532.9"
"Stevens","53065951400","3582.5"
"Thurston","53067010100","1507"
"Thurston","53067010200","1507"
"Thurston","53067010300","1507"
"Thurston","53067010400","1507"
"Thurston","53067010510","1507"
"Thurston","53067010520","1507"
"Thurston","53067010600","1509.4"
"Thurston","53067010700","1507"
"Thurston","53067010800","1536.2"
"Thurston","53067010910","1536.2"
"Thurston","53067010920","1536.2"
"Thurston","53067011000","1525.9"
"Thurston","53067011100","1509.4"
"Thurston","53067011200","1507"
"Thurston","53067011300","1507"
"Thurston","53067011410","1507"
"Thurston","53067011420","1518.6"
"Thurston","53067011500","1507"
"Thurston","53067011610","1518.6"
"Thurston","53067011621","1507"
"Thurston","53067011622","1518.6"
"Thurston","53067011623","1518.6"
"Thurston","53067011624","1522.6"
"Thurston","53067011710","1507"
"Thurston","53067011720","1518.6"
"Thurston","53067011810","1525.9"
"Thurston","53067011821","1536.2"
"Thurston","53067011822","1555"
"Thurston","53067011900","1778.1"
"Thurston","53067012000","1509.4"
"Thurston","53067012100","1509.4"
"Thurston","53067012211","1509.4"
"Thurston","53067012212","1507"
"Thurston","53067012221","1509.4"
"Thurston","53067012222","1511.2"
"Thurston","53067012310","1522.6"
"Thurston","53067012320","1523.8"
"Thurston","53067012330","1511.2"
"Thurston","53067012411","1532.4"
"Thurston","53067012412","1532.4"
"Thurston","53067012420","1528"
"Thurston","53067012510","1750.8"
"Thurston","53067012520","1520"
"Thurston","53067012530","1524"
"Thurston","53067012610","1553.1"
"Thurston","53067012620","1624.2"
"Thurston","53067012710","1668.4"
"Thurston","53067012720","1668.4"
"Thurston","53067012730","1652.7"
"Wahkiakum","53069950100","1286.2"
"Walla Walla","53071920000","3467"
"Walla Walla","53071920100","3385.6"
"Walla Walla","53071920200","3345.3"
"Walla Walla","53071920300","3345.3"
"Walla Walla","53071920400","3345.3"
"Walla Walla","53071920500","3345.3"
"Walla Walla","53071920600","3345.3"
"Walla Walla","53071920701","3345.3"
"Walla Walla","53071920702","3345.3"
"Walla Walla","53071920801","3382.6"
"Walla Walla","53071920802","3382.6"
"Walla Walla","53071920900","3299.8"
"Whatcom","53073000100","1727.1"
"Whatcom","53073000200","1714.2"
"Whatcom","53073000300","1714.2"
"Whatcom","53073000400","1714.2"
"Whatcom","53073000501","1714.2"
"Whatcom","53073000502","1714.2"
"Whatcom","53073000600","1714.2"
"Whatcom","53073000700","1727.1"
"Whatcom","53073000803","1727.1"
"Whatcom","53073000804","1684.5"
"Whatcom","53073000805","1695.3"
"Whatcom","53073000806","1695.3"
"Whatcom","53073000901","1714.2"
"Whatcom","53073000902","1671.6"
"Whatcom","53073001000","1714.2"
"Whatcom","53073001100","1714.2"
"Whatcom","53073001201","1714.2"
"Whatcom","53073001202","1725"
"Whatcom","53073010100","2724.6"
"Whatcom","53073010200","1727.1"
"Whatcom","53073010301","1722.3"
"Whatcom","53073010302","1727.1"
"Whatcom","53073010303","1727.1"
"Whatcom","53073010401","1711.5"
"Whatcom","53073010403","1799.8"
"Whatcom","53073010404","1699.1"
"Whatcom","53073010501","1701.4"
"Whatcom","53073010502","1722"
"Whatcom","53073010600","1727.1"
"Whatcom","53073010701","1735.4"
"Whatcom","53073010702","1727.1"
"Whatcom","53073010900","1676.4"
"Whatcom","53073011000","1763.4"
"Whatcom","53073940000","1712.8"
"Whitman","53075000100","2843"
"Whitman","53075000200","2844"
"Whitman","53075000300","2858"
"Whitman","53075000400","2858.4"
"Whitman","53075000500","2843"
"Whitman","53075000600","2843"
"Whitman","53075000700","2795.4"
"Whitman","53075000800","2667"
"Whitman","53075000900","2823.6"
"Whitman","53075001000","2915.2"
"Yakima","53077000100","4246.2"
"Yakima","53077000200","4246.2"
"Yakima","53077000300","4244.3"
"Yakima","53077000400","4282.6"
"Yakima","53077000500","4244.3"
"Yakima","53077000600","4246.2"
"Yakima","53077000700","4246.2"
"Yakima","53077000800","4244.3"
"Yakima","53077000901","4264"
"Yakima","53077000902","4247.7"
"Yakima","53077001000","4244.3"
"Yakima","53077001100","4244.3"
"Yakima","53077001201","4246.2"
"Yakima","53077001202","4246.2"
"Yakima","53077001300","4246.2"
"Yakima","53077001400","4246.2"
"Yakima","53077001501","4246.2"
"Yakima","53077001502","4246.2"
"Yakima","53077001601","4222.2"
"Yakima","53077001602","4222.2"
"Yakima","53077001701","4105.3"
"Yakima","53077001702","4222.2"
"Yakima","53077001800","4983.7"
"Yakima","53077001901","4984.9"
"Yakima","53077001902","4998.3"
"Yakima","53077002001","4993.8"
"Yakima","53077002002","4993.8"
"Yakima","53077002101","4986"
"Yakima","53077002102","4971.9"
"Yakima","53077002200","4768.9"
"Yakima","53077002701","4958.6"
"Yakima","53077002801","4167.1"
"Yakima","53077002802","4209.5"
"Yakima","53077002900","4163.4"
"Yakima","53077003001","3639.7"
"Yakima","53077003002","4227.3"
"Yakima","53077003100","4245"
"Yakima","53077003200","4244.3"
"Yakima","53077003400","4244.3"
"Yakima","53077940001","4404.3"
"Yakima","53077940002","4715.7"
"Yakima","53077940003","4222"
"Yakima","53077940004","4774.1"
"Yakima","53077940005","4719.9"
"Yakima","53077940006","4728.2"


"Wildfire Smoke Cumulative Score (2016-2022)"
"Geography: Census Tract, Time Period: 2016-2022"
"Created: 8/17/2023"

"""**"" indicates data suppression to protect confidentiality."

"""--"" indicates no data collected."

"""NR"" indicates data are not reliable."
