County Name,Census Tract,Life Expectancy,Lower CI,Upper CI
n/a,State Total,80.41,80.36,80.45
Adams,53001950100,76.02,72.9,79.14
Adams,53001950200,76.72,73.18,80.26
Adams,53001950300,77.14,75.61,78.67
Adams,53001950400,78.16,75.74,80.58
Adams,53001950500,78.76,76.62,80.91
Asotin,53003960100,83.54,81.93,85.15
Asotin,53003960200,79.92,77.72,82.12
Asotin,53003960300,76.93,74.17,79.68
Asotin,53003960400,75.72,72.54,78.9
Asotin,53003960500,78.83,76.84,80.83
Asotin,53003960600,80.27,77.76,82.79
Benton,53005010100,85.43,83.62,87.24
Benton,53005010201,79.87,77.63,82.12
Benton,53005010202,82.64,80.88,84.4
Benton,53005010300,80.42,78.53,82.3
Benton,53005010400,82.92,80.51,85.33
Benton,53005010500,74.15,71.72,76.58
Benton,53005010600,79.4,77.35,81.44
Benton,53005010701,73.96,70.91,77.01
Benton,53005010703,82.05,79.66,84.44
Benton,53005010705,80.6,79.27,81.92
Benton,53005010707,--,--,--
Benton,53005010708,82.45,80.08,84.82
Benton,53005010803,82.53,81.18,83.88
Benton,53005010805,83.36,81.88,84.84
Benton,53005010807,--,--,--
Benton,53005010809,79.84,78.39,81.29
Benton,53005010810,81.72,80.02,83.41
Benton,53005010811,81.12,78.72,83.52
Benton,53005010813,82.83,81.62,84.04
Benton,53005010814,80.69,78.78,82.6
Benton,53005010901,74.87,73.34,76.41
Benton,53005010902,77.12,75.35,78.89
Benton,53005011001,78.82,77.04,80.59
Benton,53005011002,77.87,75.79,79.95
Benton,53005011100,77.16,75.63,78.69
Benton,53005011200,76.26,74.48,78.04
Benton,53005011300,78.05,75.95,80.16
Benton,53005011401,76.96,75.1,78.82
Benton,53005011402,81.03,79.32,82.74
Benton,53005011501,77.57,76.14,79
Benton,53005011503,81.53,80.41,82.65
Benton,53005011504,80.42,78.41,82.42
Benton,53005011600,--,--,--
Benton,53005011700,79.67,78,81.34
Benton,53005011800,80.61,79.11,82.11
Benton,53005011900,79.34,77.65,81.03
Benton,53005012000,--,--,--
Chelan,53007960100,82.36,79.57,85.15
Chelan,53007960200,82.7,80.97,84.43
Chelan,53007960300,83.98,82.38,85.58
Chelan,53007960400,85.36,83.26,87.45
Chelan,53007960500,83.22,81.54,84.9
Chelan,53007960600,82.03,80.12,83.95
Chelan,53007960700,82.53,79.95,85.1
Chelan,53007960801,82.1,79.34,84.85
Chelan,53007960802,81.97,80.46,83.47
Chelan,53007961000,80.81,79.22,82.41
Chelan,53007961100,78.84,77.54,80.13
Chelan,53007961200,78.27,76.02,80.52
Chelan,53007961301,--,--,--
Chelan,53007961302,80.99,79.71,82.28
Clallam,53009000200,78.95,76.36,81.54
Clallam,53009000300,76.6,74.79,78.41
Clallam,53009000400,77.7,74.18,81.23
Clallam,53009000600,75.25,72.6,77.9
Clallam,53009000700,81.2,79.49,82.91
Clallam,53009000800,77.08,74.88,79.27
Clallam,53009000900,77.57,74.89,80.25
Clallam,53009001000,83.68,80.65,86.7
Clallam,53009001100,80.72,78.4,83.04
Clallam,53009001200,77.11,74.82,79.4
Clallam,53009001300,78.28,76.11,80.44
Clallam,53009001400,80.39,78.62,82.16
Clallam,53009001500,75.16,72.17,78.16
Clallam,53009001600,79.48,75.95,83.01
Clallam,53009001700,81.72,79.45,84
Clallam,53009001800,80.99,78.18,83.8
Clallam,53009001900,82.32,80.26,84.39
Clallam,53009002000,79.92,77.37,82.47
Clallam,53009002100,76.14,73.97,78.32
Clallam,53009002300,79.21,76.18,82.25
Clallam,53009940000,74.47,70.8,78.14
Clallam,53009990100,--,--,--
Clark,53011040101,79.41,77.81,81.01
Clark,53011040102,84.14,82.13,86.15
Clark,53011040201,80.58,78.5,82.66
Clark,53011040202,81.24,79.04,83.44
Clark,53011040203,81.38,79.49,83.27
Clark,53011040301,--,--,--
Clark,53011040302,89.27,87.57,90.96
Clark,53011040403,83.54,81.48,85.6
Clark,53011040407,80.42,78.72,82.13
Clark,53011040408,78.56,76.11,81
Clark,53011040409,--,--,--
Clark,53011040411,73.74,71.16,76.32
Clark,53011040412,87.4,85.65,89.16
Clark,53011040413,79.16,76.87,81.44
Clark,53011040414,78.98,77.49,80.47
Clark,53011040415,79.31,77.27,81.35
Clark,53011040416,81.24,78.83,83.65
Clark,53011040504,85.21,83.22,87.2
Clark,53011040505,79.47,77.87,81.07
Clark,53011040507,80.89,78.52,83.27
Clark,53011040508,82.53,81.1,83.95
Clark,53011040509,79.47,76.77,82.16
Clark,53011040510,81.65,80.11,83.2
Clark,53011040511,81.67,78.26,85.09
Clark,53011040603,80.31,78.21,82.41
Clark,53011040604,78.52,76.85,80.19
Clark,53011040605,82.32,80.93,83.72
Clark,53011040608,82.76,81.42,84.1
Clark,53011040609,81.3,79.2,83.39
Clark,53011040610,81.62,79.51,83.74
Clark,53011040703,78.05,76.6,79.5
Clark,53011040706,78.76,76.62,80.9
Clark,53011040707,77.09,74.54,79.64
Clark,53011040709,80.41,78.89,81.93
Clark,53011040710,86.82,84.97,88.66
Clark,53011040711,77.65,75.32,79.99
Clark,53011040712,78.43,76.81,80.05
Clark,53011040803,78.96,77.14,80.78
Clark,53011040805,82.14,80.68,83.59
Clark,53011040806,79.62,77.81,81.44
Clark,53011040808,79.93,76.56,83.29
Clark,53011040809,81.49,80.04,82.94
Clark,53011040810,79.95,78.08,81.82
Clark,53011040904,78.54,76.95,80.13
Clark,53011040905,82.93,80.94,84.91
Clark,53011040907,83.59,81.95,85.23
Clark,53011040908,82.47,80.9,84.05
Clark,53011040909,81.52,79.56,83.48
Clark,53011040910,81.58,79.42,83.75
Clark,53011041003,80.41,78.24,82.58
Clark,53011041005,77.23,74.36,80.11
Clark,53011041007,79.05,77.34,80.77
Clark,53011041008,79.3,76.86,81.74
Clark,53011041009,77.88,75.52,80.25
Clark,53011041010,78.43,76.23,80.63
Clark,53011041011,79.09,77.1,81.08
Clark,53011041104,78.99,76.6,81.37
Clark,53011041105,80.38,78.61,82.15
Clark,53011041107,82.56,80.55,84.57
Clark,53011041108,79.92,78.29,81.54
Clark,53011041110,79.93,78.21,81.66
Clark,53011041111,75.15,72.15,78.16
Clark,53011041112,79.64,77.73,81.55
Clark,53011041201,79.72,78.18,81.26
Clark,53011041203,82.57,80.86,84.28
Clark,53011041205,81.29,79.38,83.19
Clark,53011041206,78.17,76.65,79.68
Clark,53011041309,78.5,76.93,80.06
Clark,53011041310,82.27,80.12,84.41
Clark,53011041312,83.52,81,86.04
Clark,53011041313,78.82,76.12,81.52
Clark,53011041317,75.89,74.07,77.72
Clark,53011041318,79.39,77.82,80.95
Clark,53011041319,79.19,77.81,80.57
Clark,53011041320,78.24,76.77,79.72
Clark,53011041321,77.18,74.73,79.64
Clark,53011041322,77.99,76.17,79.81
Clark,53011041323,80.06,78.27,81.86
Clark,53011041325,85.01,83.6,86.42
Clark,53011041326,79.11,76.79,81.42
Clark,53011041327,79.81,78.31,81.32
Clark,53011041328,84.03,82.51,85.55
Clark,53011041329,84.86,83.15,86.57
Clark,53011041330,76.72,74.91,78.53
Clark,53011041331,79.94,77.32,82.57
Clark,53011041332,76.7,74.75,78.66
Clark,53011041333,79.25,77.34,81.16
Clark,53011041400,80.22,78.64,81.81
Clark,53011041500,79.01,76.59,81.43
Clark,53011041600,78.95,76.17,81.74
Clark,53011041700,78.31,76.17,80.46
Clark,53011041800,79.1,76.68,81.52
Clark,53011041900,78.56,75.87,81.25
Clark,53011042000,83.05,79.55,86.55
Clark,53011042100,82.68,80.08,85.27
Clark,53011042300,81.95,79.21,84.68
Clark,53011042400,79.07,76.6,81.53
Clark,53011042500,80.5,76.97,84.02
Clark,53011042600,78.04,76.25,79.83
Clark,53011042700,80.04,77.88,82.21
Clark,53011042800,81.1,78.03,84.17
Clark,53011042900,79.25,75.77,82.72
Clark,53011043000,--,--,--
Clark,53011043100,80.22,78.15,82.29
Columbia,53013960200,78.57,76.25,80.9
Cowlitz,53015000300,--,--,--
Cowlitz,53015000400,78.15,75.77,80.54
Cowlitz,53015000501,75.84,73.28,78.41
Cowlitz,53015000502,70.94,69.06,72.83
Cowlitz,53015000601,76.9,74.37,79.43
Cowlitz,53015000602,80.72,77.96,83.47
Cowlitz,53015000702,77.6,74.88,80.32
Cowlitz,53015000703,76.94,74.24,79.63
Cowlitz,53015000704,77.95,76.58,79.32
Cowlitz,53015000800,81.61,80.01,83.22
Cowlitz,53015000900,77.31,75.66,78.96
Cowlitz,53015001000,--,--,--
Cowlitz,53015001100,74.17,72.26,76.09
Cowlitz,53015001200,78.77,76.35,81.2
Cowlitz,53015001300,77.37,75.08,79.65
Cowlitz,53015001501,82.25,79.5,85.01
Cowlitz,53015001502,77.75,76.38,79.11
Cowlitz,53015001600,80.6,79.24,81.95
Cowlitz,53015001700,79.59,77.87,81.3
Cowlitz,53015001800,77.97,75.19,80.75
Cowlitz,53015001900,78.89,77.25,80.54
Cowlitz,53015002001,81.67,79.75,83.59
Cowlitz,53015002002,76.74,74.88,78.6
Cowlitz,53015002100,68.08,65.94,70.23
Douglas,53017950100,87.08,84.96,89.2
Douglas,53017950200,79.24,75.81,82.66
Douglas,53017950300,81.94,80.19,83.7
Douglas,53017950400,81.84,80.6,83.08
Douglas,53017950500,80.82,78.29,83.34
Douglas,53017950600,85.39,83.65,87.13
Douglas,53017950700,81.98,80.05,83.9
Douglas,53017950800,82.67,81.06,84.27
Ferry,53019940000,79.94,76.63,83.25
Ferry,53019970100,81.68,78.13,85.23
Ferry,53019970200,77.71,74.33,81.09
Franklin,53021020100,79.82,77.98,81.66
Franklin,53021020200,78.63,76.42,80.84
Franklin,53021020300,81.79,79.98,83.6
Franklin,53021020400,77.64,76.09,79.2
Franklin,53021020501,82.59,80.8,84.38
Franklin,53021020502,82.74,81.45,84.03
Franklin,53021020601,81.47,80.22,82.72
Franklin,53021020603,78.89,76.17,81.62
Franklin,53021020605,83.77,82.24,85.3
Franklin,53021020606,82.87,81.45,84.29
Franklin,53021020700,--,--,--
Franklin,53021020800,87.41,85.75,89.08
Franklin,53021980100,--,--,--
Garfield,53023970300,81.5,77.98,85.03
Grant,53025010100,77.27,74.49,80.05
Grant,53025010200,78.21,75.59,80.84
Grant,53025010300,77.77,75.8,79.75
Grant,53025010400,81.01,79.35,82.67
Grant,53025010500,82.31,79.98,84.64
Grant,53025010600,83.41,81.54,85.28
Grant,53025010700,82.81,80.26,85.35
Grant,53025010800,75.65,73.76,77.54
Grant,53025010901,75.55,71.99,79.1
Grant,53025010902,77.08,75.85,78.31
Grant,53025011000,78.26,77.08,79.43
Grant,53025011100,78.91,77.34,80.49
Grant,53025011200,80.55,78.78,82.32
Grant,53025011300,80.63,78.18,83.08
Grant,53025011401,--,--,--
Grant,53025011402,84.65,83.14,86.17
Grays Harbor,53027000200,77.38,75.65,79.11
Grays Harbor,53027000300,79.29,77.19,81.39
Grays Harbor,53027000400,79.18,77.49,80.87
Grays Harbor,53027000500,78.73,77.26,80.2
Grays Harbor,53027000600,77.02,74.81,79.22
Grays Harbor,53027000700,76.51,74.44,78.58
Grays Harbor,53027000800,79.45,77.31,81.6
Grays Harbor,53027000900,75.52,73.81,77.22
Grays Harbor,53027001000,72.35,70,74.69
Grays Harbor,53027001100,77.3,74.92,79.68
Grays Harbor,53027001200,76.06,73.82,78.31
Grays Harbor,53027001300,73.44,70.99,75.9
Grays Harbor,53027001400,75.78,72.3,79.26
Grays Harbor,53027001500,76.1,73.94,78.25
Grays Harbor,53027001600,81.65,79.76,83.54
Grays Harbor,53027940000,68.46,65.12,71.8
Grays Harbor,53027990000,--,--,--
Island,53029970100,78.89,75.84,81.94
Island,53029970200,--,--,--
Island,53029970300,80.28,78.27,82.29
Island,53029970400,81.45,79.65,83.26
Island,53029970500,82.68,80.95,84.41
Island,53029970601,80.18,77.8,82.56
Island,53029970602,77.92,75.83,80
Island,53029970700,--,--,--
Island,53029970800,83.2,80.75,85.64
Island,53029970900,--,--,--
Island,53029971000,80.86,79.18,82.54
Island,53029971100,82,79.52,84.49
Island,53029971300,84.42,81.55,87.29
Island,53029971400,84.74,83.06,86.43
Island,53029971500,84.44,82.65,86.23
Island,53029971600,81.03,78.62,83.45
Island,53029971700,82.17,80.08,84.27
Island,53029971800,85.29,82.32,88.26
Island,53029971900,80.34,77.13,83.54
Island,53029972000,83.39,80.86,85.93
Island,53029972100,86.65,84.09,89.2
Island,53029992201,--,--,--
Jefferson,53031950202,83.58,80.79,86.36
Jefferson,53031950300,83.23,80.56,85.9
Jefferson,53031950400,81.05,78.7,83.4
Jefferson,53031950500,81.84,79.33,84.35
Jefferson,53031950601,80.31,78.72,81.91
Jefferson,53031950602,82.31,79.41,85.21
Jefferson,53031950702,--,--,--
Jefferson,53031990000,--,--,--
King,53033000100,78.66,77.12,80.19
King,53033000200,83.86,82.55,85.17
King,53033000300,80.81,78.7,82.92
King,53033000401,80.27,78.49,82.04
King,53033000402,81.61,79.79,83.43
King,53033000500,84.46,81.72,87.2
King,53033000600,82.56,81.14,83.97
King,53033000700,80.79,78.97,82.61
King,53033000800,82.06,79.74,84.38
King,53033000900,84.43,81.87,87
King,53033001000,--,--,--
King,53033001100,79.94,76.88,83
King,53033001200,83.6,81.89,85.31
King,53033001300,80.88,78.92,82.84
King,53033001400,82.02,80.05,84
King,53033001500,87.81,85.76,89.86
King,53033001600,85.86,84.23,87.49
King,53033001701,83.58,81.16,86.01
King,53033001702,77.62,75.73,79.51
King,53033001800,79.72,77.64,81.8
King,53033001900,79,77.12,80.88
King,53033002000,84.94,83.13,86.76
King,53033002100,83.52,81.64,85.41
King,53033002200,86.02,84.61,87.43
King,53033002400,87.29,85.28,89.31
King,53033002500,85.3,82.94,87.66
King,53033002600,83.98,82.2,85.76
King,53033002700,87.65,85.63,89.67
King,53033002800,83.46,80.87,86.05
King,53033002900,83.59,81.36,85.83
King,53033003000,84.92,82.6,87.24
King,53033003100,85.18,83.81,86.54
King,53033003200,86.54,85.35,87.73
King,53033003300,87.65,85.56,89.73
King,53033003400,84.84,82.58,87.11
King,53033003500,85.37,83.55,87.2
King,53033003600,83.3,81.44,85.17
King,53033003800,--,--,--
King,53033003900,89.73,87.8,91.67
King,53033004000,86.83,84.41,89.26
King,53033004100,87.29,85.87,88.71
King,53033004200,86.69,85.14,88.24
King,53033004301,86.26,83.89,88.62
King,53033004302,82.24,78.95,85.53
King,53033004400,92.6,88.86,96.33
King,53033004500,--,--,--
King,53033004600,88.25,85.05,91.45
King,53033004700,86.03,84.55,87.51
King,53033004800,91.91,88.57,95.25
King,53033004900,78.64,77.1,80.18
King,53033005000,83.33,79.92,86.73
King,53033005100,84.48,81.63,87.34
King,53033005200,82.95,80.39,85.5
King,53033005301,--,--,--
King,53033005302,--,--,--
King,53033005400,82.34,80.34,84.34
King,53033005600,85.96,84.11,87.8
King,53033005700,85.9,84.49,87.3
King,53033005801,86.94,85.13,88.75
King,53033005802,83.49,81.44,85.55
King,53033005900,86.64,84.67,88.6
King,53033006000,82.93,81.29,84.57
King,53033006100,86.74,84.24,89.24
King,53033006200,86.63,84.78,88.47
King,53033006300,87.94,86.5,89.37
King,53033006400,87.56,85.28,89.84
King,53033006500,85.16,83.08,87.24
King,53033006600,--,--,--
King,53033006700,88.13,85.66,90.59
King,53033006800,82,80.19,83.81
King,53033006900,85.55,83.84,87.25
King,53033007000,82.84,81.23,84.46
King,53033007100,96.17,93.07,99.26
King,53033007200,91.65,89.26,94.05
King,53033007300,78.47,77.2,79.74
King,53033007401,87.53,84.58,90.47
King,53033007402,75.41,71.7,79.12
King,53033007500,89.48,87.03,91.93
King,53033007600,81.25,79.74,82.77
King,53033007700,78.46,76.41,80.51
King,53033007800,85.5,84.25,86.75
King,53033007900,81.64,80.03,83.26
King,53033008001,85.34,83,87.68
King,53033008002,78.09,75.83,80.35
King,53033008100,79.05,77.45,80.64
King,53033008200,83.8,80.66,86.94
King,53033008300,81.41,79.09,83.72
King,53033008400,85.21,83.45,86.98
King,53033008500,75.07,72.3,77.83
King,53033008600,--,--,--
King,53033008700,81.46,79.02,83.89
King,53033008800,84.36,81.97,86.74
King,53033008900,79.96,78.24,81.67
King,53033009000,78,75.52,80.48
King,53033009100,90.19,88.28,92.11
King,53033009200,--,--,--
King,53033009300,86.98,84.66,89.3
King,53033009400,85.81,84.12,87.5
King,53033009500,83.68,81.87,85.49
King,53033009600,83.31,81.44,85.17
King,53033009701,86.89,85.06,88.72
King,53033009702,84.64,82.7,86.58
King,53033009800,88.07,86.08,90.07
King,53033009900,83.02,81.09,84.95
King,53033010001,85.8,83.39,88.22
King,53033010002,86.53,84.85,88.22
King,53033010100,79.19,77.89,80.48
King,53033010200,85.9,84.34,87.46
King,53033010300,81.82,80.11,83.54
King,53033010401,82.41,80.4,84.42
King,53033010402,82.94,81.01,84.87
King,53033010500,84.97,83.74,86.21
King,53033010600,86.87,85.4,88.34
King,53033010701,80.77,78.03,83.51
King,53033010702,76.87,74.84,78.9
King,53033010800,79.73,77.82,81.63
King,53033010900,--,--,--
King,53033011001,80.86,79.13,82.59
King,53033011002,81.65,79.76,83.54
King,53033011101,82.06,80.14,83.98
King,53033011102,79.59,77.96,81.23
King,53033011200,75.96,73.83,78.1
King,53033011300,78.66,77.07,80.25
King,53033011401,80.68,78.39,82.96
King,53033011402,75.23,73.34,77.12
King,53033011500,82.63,80.65,84.61
King,53033011600,84.07,82.68,85.46
King,53033011700,83.75,82.13,85.36
King,53033011800,81.84,80.14,83.53
King,53033011900,81.31,79.96,82.67
King,53033012000,82.48,80.37,84.59
King,53033012100,83.63,80.6,86.67
King,53033020100,81.03,79.33,82.74
King,53033020200,81.02,79.25,82.79
King,53033020300,79.72,78.29,81.14
King,53033020401,80.06,78.27,81.85
King,53033020402,81.13,79.51,82.75
King,53033020500,80.59,79.18,82
King,53033020600,79.36,77.5,81.23
King,53033020700,78.49,76.65,80.32
King,53033020800,82.39,80.08,84.7
King,53033020900,79.57,77.49,81.64
King,53033021000,79.77,78.24,81.31
King,53033021100,74.41,72.5,76.33
King,53033021300,76.82,74.91,78.73
King,53033021400,83.93,82,85.85
King,53033021500,81.82,79.87,83.76
King,53033021600,83.24,81.61,84.87
King,53033021700,81.24,79.96,82.51
King,53033021802,82.87,81.07,84.67
King,53033021803,86.29,84.46,88.13
King,53033021804,83.74,82.1,85.38
King,53033021903,79.47,78.07,80.87
King,53033021904,80.61,79.1,82.12
King,53033021905,81.94,80.68,83.2
King,53033021906,83.35,81.58,85.13
King,53033022001,80.69,79.3,82.09
King,53033022003,79.82,78.23,81.41
King,53033022005,80.43,78.93,81.93
King,53033022006,81.36,79.83,82.89
King,53033022101,83.28,82,84.55
King,53033022102,82.55,81.15,83.94
King,53033022201,81.22,79.45,82.99
King,53033022202,81.49,80.19,82.79
King,53033022203,82.52,81.21,83.83
King,53033022300,87.6,85.44,89.77
King,53033022400,82.83,81.52,84.13
King,53033022500,88.14,86.72,89.56
King,53033022603,83.13,81.59,84.67
King,53033022604,81.49,79.8,83.18
King,53033022605,81.1,79.29,82.92
King,53033022606,84.27,82.95,85.59
King,53033022701,84.08,81.86,86.29
King,53033022702,86.61,84.99,88.23
King,53033022703,83.01,81.25,84.78
King,53033022801,85.16,83.6,86.72
King,53033022802,83.25,81.79,84.71
King,53033022803,86.15,84.15,88.15
King,53033022901,80.79,78.87,82.72
King,53033022902,84.38,83.28,85.48
King,53033023000,84.76,83.61,85.91
King,53033023100,83.28,81.48,85.07
King,53033023201,85.53,83.99,87.06
King,53033023202,82.1,80.01,84.18
King,53033023300,83.45,82.04,84.87
King,53033023401,80.25,78.54,81.97
King,53033023403,83.54,81.97,85.1
King,53033023404,82.86,81.39,84.32
King,53033023500,86.72,84.42,89.02
King,53033023601,82.88,81.42,84.33
King,53033023603,85,83.28,86.72
King,53033023604,85.87,84.33,87.41
King,53033023700,86.19,84.27,88.11
King,53033023801,85.19,82.51,87.87
King,53033023803,86.38,84.62,88.13
King,53033023804,82.99,81.19,84.79
King,53033023900,86.28,84.79,87.76
King,53033024000,86.8,85.39,88.21
King,53033024100,86.62,84.62,88.63
King,53033024200,89.46,88.21,90.71
King,53033024300,87.31,85.75,88.86
King,53033024400,87.91,86.11,89.71
King,53033024500,86.74,84.8,88.68
King,53033024601,85.49,83.1,87.87
King,53033024602,87.37,84.58,90.16
King,53033024701,84.86,82.97,86.75
King,53033024702,82.3,81.22,83.38
King,53033024800,83.23,81.83,84.63
King,53033024901,84.19,82.89,85.49
King,53033024902,82.58,81.22,83.94
King,53033024903,83.22,81.66,84.78
King,53033025001,83.89,82.36,85.41
King,53033025003,82.97,81.49,84.45
King,53033025005,79.75,78.04,81.46
King,53033025006,85.17,83.75,86.59
King,53033025101,79.14,77.8,80.49
King,53033025102,82.68,81.25,84.12
King,53033025200,79.98,78.71,81.24
King,53033025301,84.31,82.55,86.07
King,53033025302,81.05,79.35,82.74
King,53033025400,82.56,80.81,84.32
King,53033025500,81.37,79.6,83.15
King,53033025601,81.6,79.83,83.37
King,53033025602,80.79,79.22,82.37
King,53033025701,83.8,82.17,85.43
King,53033025702,80.83,78.88,82.77
King,53033025803,77.77,76.14,79.41
King,53033025804,79.93,78.05,81.8
King,53033025805,80.07,77.96,82.17
King,53033025806,78.4,76.78,80.03
King,53033026001,81.29,79.76,82.83
King,53033026002,79.42,78.03,80.81
King,53033026100,78.63,77.15,80.11
King,53033026200,80.68,78.63,82.72
King,53033026300,79.2,76.16,82.24
King,53033026400,79.29,77.52,81.05
King,53033026500,81.34,78.96,83.73
King,53033026600,79.41,76.69,82.13
King,53033026700,80.77,79.14,82.39
King,53033026801,76.5,74.76,78.24
King,53033026802,77.94,76.26,79.63
King,53033027000,78.6,76.35,80.84
King,53033027100,78.76,76.4,81.13
King,53033027200,74.66,71.99,77.32
King,53033027300,78.44,76.68,80.21
King,53033027400,78,76.25,79.75
King,53033027500,76.17,74.42,77.91
King,53033027600,82.45,80.65,84.26
King,53033027701,81.84,80.2,83.49
King,53033027702,80.79,78.4,83.19
King,53033027800,86.03,83.95,88.11
King,53033027900,78.38,76.97,79.79
King,53033028000,75.72,73.32,78.12
King,53033028100,78.15,75.26,81.04
King,53033028200,79.04,76.93,81.15
King,53033028300,80.69,78.91,82.47
King,53033028402,78.65,76.67,80.64
King,53033028403,79.44,77.6,81.28
King,53033028500,76.93,74.97,78.9
King,53033028600,82.21,80.91,83.51
King,53033028700,79.52,77.8,81.25
King,53033028801,73.02,70.88,75.16
King,53033028802,77.64,75.95,79.33
King,53033028901,79.6,77.27,81.93
King,53033028902,75.52,73.6,77.43
King,53033029001,80.3,78.36,82.23
King,53033029003,75.86,74.27,77.46
King,53033029004,75.68,73.29,78.07
King,53033029101,80.61,78.27,82.96
King,53033029102,78.63,76.78,80.49
King,53033029203,77.72,75.35,80.09
King,53033029204,77.3,75.79,78.81
King,53033029205,75.66,73.62,77.7
King,53033029206,75.73,73.5,77.95
King,53033029303,80.89,79.55,82.23
King,53033029304,79.21,77.69,80.74
King,53033029305,78.52,76.57,80.48
King,53033029306,82.24,80.28,84.19
King,53033029307,78.91,76.9,80.93
King,53033029403,79.24,77.66,80.81
King,53033029405,78.09,76.41,79.76
King,53033029406,79.63,77.98,81.28
King,53033029407,75.4,73.87,76.92
King,53033029408,77.72,75.91,79.53
King,53033029502,78.26,76.72,79.81
King,53033029503,78.12,76.65,79.58
King,53033029504,75.61,73.93,77.3
King,53033029601,76.71,75.06,78.37
King,53033029602,78.69,76.95,80.42
King,53033029700,80.61,79.14,82.08
King,53033029801,78.09,76.83,79.35
King,53033029802,78.77,77.66,79.89
King,53033029901,77.83,76,79.66
King,53033029902,77.09,75.3,78.87
King,53033030003,78.62,77.24,80.01
King,53033030004,75.27,73.74,76.81
King,53033030005,75.92,74.23,77.62
King,53033030006,74.73,72.66,76.8
King,53033030100,81.06,79.95,82.17
King,53033030201,78.45,77.03,79.87
King,53033030202,74.48,72.98,75.99
King,53033030304,78.35,76.15,80.56
King,53033030305,78.95,77.24,80.66
King,53033030306,79.54,77.94,81.15
King,53033030308,78.78,77.18,80.37
King,53033030309,82.11,79.79,84.43
King,53033030310,81.84,80.21,83.46
King,53033030311,76.59,74.8,78.39
King,53033030312,75.61,73.69,77.54
King,53033030313,76.84,74.65,79.03
King,53033030314,75.65,73.91,77.4
King,53033030401,80.08,78.83,81.32
King,53033030403,80.05,78.36,81.73
King,53033030404,78.2,76.1,80.3
King,53033030501,72.03,68.54,75.52
King,53033030503,76.99,75.16,78.82
King,53033030504,81.72,79.51,83.94
King,53033030600,75.97,74.31,77.63
King,53033030700,75.75,73.61,77.89
King,53033030801,71.46,70.15,72.78
King,53033030802,72.71,70.92,74.5
King,53033030901,73.43,71.52,75.35
King,53033030902,79.69,77.68,81.69
King,53033031000,83.95,82.11,85.8
King,53033031100,74.87,73.32,76.42
King,53033031202,75.53,73.81,77.26
King,53033031204,78.05,76.48,79.63
King,53033031205,74.16,72.77,75.55
King,53033031206,88.99,86.52,91.46
King,53033031301,79.45,76.98,81.93
King,53033031302,80.28,78.3,82.25
King,53033031400,78.7,77.38,80.01
King,53033031501,78.99,77.43,80.55
King,53033031502,77.44,74.8,80.08
King,53033031601,81.25,79.85,82.65
King,53033031603,80.26,78.5,82.03
King,53033031604,79.67,77.26,82.09
King,53033031605,84.02,81.94,86.1
King,53033031703,82.48,81.14,83.82
King,53033031704,76.36,74.77,77.96
King,53033031705,81.32,79.56,83.07
King,53033031706,78.69,77.17,80.21
King,53033031800,81.14,79.81,82.47
King,53033031903,82.15,80.92,83.37
King,53033031904,79.65,77.2,82.09
King,53033031906,80.46,78.34,82.59
King,53033031907,81.16,79.93,82.38
King,53033031908,79.5,77.72,81.27
King,53033031909,79.62,77.64,81.61
King,53033032002,78.89,76.54,81.25
King,53033032003,80.53,78.2,82.87
King,53033032005,77.23,75.53,78.94
King,53033032006,80.44,78.75,82.13
King,53033032007,80.24,78.1,82.38
King,53033032008,80.67,78.59,82.74
King,53033032010,82.78,81.01,84.56
King,53033032011,83.48,81.26,85.71
King,53033032102,83.11,81.41,84.81
King,53033032103,80.75,79.37,82.13
King,53033032104,80.25,78.81,81.69
King,53033032203,83.17,81.66,84.69
King,53033032207,86.35,84.86,87.84
King,53033032208,84.12,82.84,85.4
King,53033032210,80.79,79.62,81.95
King,53033032211,79.48,77.4,81.56
King,53033032212,85.51,84.05,86.96
King,53033032213,82.61,80.56,84.66
King,53033032214,--,--,--
King,53033032215,--,--,--
King,53033032307,82.38,80.52,84.24
King,53033032309,89.7,87.94,91.47
King,53033032311,81.09,79.46,82.72
King,53033032313,81.41,79.81,83.02
King,53033032315,80.38,78.62,82.14
King,53033032316,87.56,85.83,89.3
King,53033032317,83.71,82.12,85.29
King,53033032318,85.87,84,87.73
King,53033032319,85.54,83.74,87.35
King,53033032320,84.18,82.21,86.16
King,53033032321,85.29,83.81,86.77
King,53033032322,--,--,--
King,53033032323,84.74,83.17,86.31
King,53033032324,82.5,80.91,84.1
King,53033032325,80.1,78.22,81.99
King,53033032326,86.46,84.68,88.25
King,53033032327,82.74,81.39,84.1
King,53033032328,82.15,80.34,83.96
King,53033032329,82.19,80.45,83.94
King,53033032401,80.25,78.71,81.8
King,53033032402,80.54,79.02,82.05
King,53033032500,81.42,79.71,83.12
King,53033032601,81.88,79.63,84.13
King,53033032602,81.27,79.67,82.88
King,53033032702,80.58,78.89,82.27
King,53033032703,81.61,78.97,84.25
King,53033032704,79.03,77.65,80.4
King,53033032800,82.8,80.57,85.03
King,53033990100,--,--,--
Kitsap,53035080101,79.45,76.92,81.99
Kitsap,53035080102,78.2,76.25,80.14
Kitsap,53035080200,81.45,79.16,83.74
Kitsap,53035080300,72.15,69.79,74.51
Kitsap,53035080400,83.59,81.04,86.13
Kitsap,53035080500,75.83,73.32,78.35
Kitsap,53035080600,82.37,79.74,85
Kitsap,53035080700,80.2,78.14,82.26
Kitsap,53035080800,--,--,--
Kitsap,53035080900,84.3,81.8,86.79
Kitsap,53035081000,80.63,77.98,83.28
Kitsap,53035081100,73.01,70.42,75.61
Kitsap,53035081200,81.87,78.62,85.11
Kitsap,53035081400,--,--,--
Kitsap,53035090101,81.3,78.82,83.78
Kitsap,53035090102,84.07,82.25,85.89
Kitsap,53035090201,87.3,85.34,89.25
Kitsap,53035090202,85.7,83.9,87.51
Kitsap,53035090300,--,--,--
Kitsap,53035090400,79.47,77.7,81.24
Kitsap,53035090501,80.14,78.52,81.76
Kitsap,53035090502,85.48,83.91,87.05
Kitsap,53035090700,84.26,81.94,86.57
Kitsap,53035090800,89.1,87.17,91.03
Kitsap,53035090900,84.11,82.5,85.72
Kitsap,53035091000,86.94,85.01,88.86
Kitsap,53035091100,81.4,79.19,83.62
Kitsap,53035091201,83.3,81.24,85.35
Kitsap,53035091203,83.41,81.97,84.85
Kitsap,53035091204,85.1,83.2,87
Kitsap,53035091301,83.77,81.59,85.94
Kitsap,53035091302,84.3,82.36,86.24
Kitsap,53035091400,83.5,80.28,86.73
Kitsap,53035091500,81.64,79.13,84.14
Kitsap,53035091600,80.97,79.3,82.64
Kitsap,53035091700,80.41,79,81.82
Kitsap,53035091800,82.76,80.02,85.5
Kitsap,53035091900,81,78.47,83.53
Kitsap,53035092000,80.7,78.78,82.61
Kitsap,53035092100,84.29,82.99,85.58
Kitsap,53035092200,75.44,73.86,77.03
Kitsap,53035092300,77.48,75.84,79.12
Kitsap,53035092400,83.49,81.42,85.56
Kitsap,53035092500,76.88,75.32,78.45
Kitsap,53035092600,84.44,82.85,86.04
Kitsap,53035092701,83.95,81.81,86.09
Kitsap,53035092704,84.47,82.22,86.73
Kitsap,53035092801,81.86,79.47,84.25
Kitsap,53035092802,81.5,79.69,83.32
Kitsap,53035092803,78.6,76.11,81.1
Kitsap,53035092901,80.49,78.77,82.22
Kitsap,53035092902,81.87,80.15,83.58
Kitsap,53035940000,82.75,80.36,85.13
Kitsap,53035940100,84.55,83.05,86.05
Kitsap,53035990100,--,--,--
Kittitas,53037975100,83.55,81.8,85.29
Kittitas,53037975200,80.11,77.84,82.39
Kittitas,53037975300,80.68,78.75,82.6
Kittitas,53037975401,84.01,81.58,86.43
Kittitas,53037975402,80.82,79.16,82.49
Kittitas,53037975500,81.09,79.25,82.92
Kittitas,53037975600,79.41,76.28,82.55
Kittitas,53037975700,84.27,82,86.54
Klickitat,53039950100,81.72,80.13,83.31
Klickitat,53039950200,82.96,80.36,85.56
Klickitat,53039950300,87.93,86.58,89.28
Lewis,53041970100,78.45,76.13,80.77
Lewis,53041970200,77.99,75.62,80.36
Lewis,53041970300,76.27,74.19,78.35
Lewis,53041970400,75.81,74,77.62
Lewis,53041970500,76.24,73.13,79.35
Lewis,53041970600,71.64,68.54,74.75
Lewis,53041970700,75.45,73.25,77.64
Lewis,53041970800,78.49,76.69,80.29
Lewis,53041970900,82.21,78.35,86.08
Lewis,53041971000,80.53,78,83.05
Lewis,53041971100,79.48,77.66,81.3
Lewis,53041971200,76.16,73.61,78.71
Lewis,53041971300,78.08,76.41,79.76
Lewis,53041971400,79.83,77.61,82.04
Lewis,53041971500,78.3,76.79,79.81
Lewis,53041971600,77.9,75.6,80.2
Lewis,53041971700,78.38,76.18,80.58
Lewis,53041971800,79.38,77.54,81.23
Lewis,53041971900,75.15,72.56,77.74
Lewis,53041972000,78.54,75.21,81.87
Lincoln,53043960100,--,--,--
Lincoln,53043960200,83.22,80.72,85.73
Lincoln,53043960300,84.89,82.75,87.03
Lincoln,53043960400,79.27,76.36,82.18
Mason,53045940000,--,--,--
Mason,53045960100,--,--,--
Mason,53045960200,79.7,77.55,81.84
Mason,53045960300,79.82,78.09,81.54
Mason,53045960400,80.82,79.39,82.25
Mason,53045960500,83.98,82.34,85.61
Mason,53045960600,80.46,78.72,82.21
Mason,53045960700,79.03,75.82,82.25
Mason,53045960800,70.56,68.5,72.62
Mason,53045960900,79.49,77.33,81.65
Mason,53045961000,83.32,81.49,85.15
Mason,53045961100,80.17,78.57,81.77
Mason,53045961200,83.05,80.62,85.47
Mason,53045961300,80.24,77.57,82.91
Okanogan,53047940100,85.66,82.32,89
Okanogan,53047940200,76.07,73.61,78.52
Okanogan,53047970300,79.53,78.01,81.04
Okanogan,53047970400,79.16,76.74,81.57
Okanogan,53047970500,79.46,76.6,82.33
Okanogan,53047970600,77.32,75.71,78.92
Okanogan,53047970700,80.36,78.6,82.12
Okanogan,53047970800,80.82,79.06,82.58
Okanogan,53047970900,85.34,82.08,88.6
Okanogan,53047971000,83.76,81.49,86.03
Pacific,53049950200,74.98,72.74,77.22
Pacific,53049950300,79.07,76.78,81.35
Pacific,53049950400,82.24,80.21,84.26
Pacific,53049950500,79.11,75.44,82.79
Pacific,53049950600,77.12,74.6,79.64
Pacific,53049950700,75.98,73.23,78.72
Pacific,53049950800,75.51,71.84,79.18
Pacific,53049990100,--,--,--
Pend Oreille,53051970100,81.4,78.49,84.32
Pend Oreille,53051970200,76.13,72.23,80.03
Pend Oreille,53051970300,79.64,77.54,81.73
Pend Oreille,53051970400,81.95,79.3,84.61
Pend Oreille,53051970500,78.78,75.78,81.78
Pierce,53053060200,--,--,--
Pierce,53053060300,82.44,80.28,84.6
Pierce,53053060400,82.41,80.29,84.53
Pierce,53053060500,88.07,86.2,89.93
Pierce,53053060600,84.81,83.07,86.54
Pierce,53053060700,78.87,76.86,80.89
Pierce,53053060800,83.39,81.54,85.25
Pierce,53053060903,82.35,80.76,83.94
Pierce,53053060904,80.46,78.63,82.28
Pierce,53053060905,78.43,76.91,79.96
Pierce,53053060906,84.17,81.72,86.62
Pierce,53053061001,80.46,78.35,82.56
Pierce,53053061002,78.43,76.4,80.46
Pierce,53053061100,76.33,74.67,77.99
Pierce,53053061200,79.93,77.87,81.99
Pierce,53053061300,77.36,75.24,79.48
Pierce,53053061400,73.68,71.29,76.08
Pierce,53053061500,79.34,77.54,81.15
Pierce,53053061601,76.79,73.54,80.05
Pierce,53053061602,--,--,--
Pierce,53053061700,76.45,74.21,78.7
Pierce,53053061800,76.48,73.29,79.68
Pierce,53053061900,69.11,66.37,71.86
Pierce,53053062000,76.23,73.96,78.5
Pierce,53053062300,76.45,74.58,78.32
Pierce,53053062400,77.87,76.07,79.67
Pierce,53053062500,75.78,74.19,77.37
Pierce,53053062600,71.24,69.35,73.13
Pierce,53053062801,72.27,70.63,73.92
Pierce,53053062802,77,74.87,79.14
Pierce,53053062900,75,73.48,76.52
Pierce,53053063000,76.8,74.15,79.46
Pierce,53053063100,76.71,74.55,78.86
Pierce,53053063200,76.5,74.59,78.4
Pierce,53053063300,75.3,73.92,76.69
Pierce,53053063400,75.2,73.67,76.73
Pierce,53053063501,77.88,75.85,79.91
Pierce,53053063502,76.44,74.68,78.19
Pierce,53053070100,81.45,78.72,84.19
Pierce,53053070203,80.95,79.15,82.75
Pierce,53053070204,78.27,76.15,80.38
Pierce,53053070205,79.85,77.21,82.48
Pierce,53053070206,78.98,76.81,81.14
Pierce,53053070207,76.8,75.16,78.43
Pierce,53053070307,81.15,79.15,83.15
Pierce,53053070308,80.56,78.83,82.29
Pierce,53053070309,79.15,77.44,80.85
Pierce,53053070310,76.53,74.6,78.46
Pierce,53053070311,77.88,75.67,80.09
Pierce,53053070312,81.96,79.94,83.99
Pierce,53053070313,80.34,78.75,81.94
Pierce,53053070314,85.31,82.75,87.87
Pierce,53053070315,83.31,81.82,84.81
Pierce,53053070316,90.1,87.89,92.31
Pierce,53053070401,76.99,74.42,79.55
Pierce,53053070403,77.52,75.53,79.51
Pierce,53053070404,79.09,77.58,80.61
Pierce,53053070703,81.75,80.12,83.38
Pierce,53053071100,81.61,79.22,84
Pierce,53053071205,80.11,78.34,81.88
Pierce,53053071206,81.23,79.74,82.72
Pierce,53053071207,75.71,74.06,77.37
Pierce,53053071208,80.33,78.92,81.74
Pierce,53053071209,80.67,79.1,82.24
Pierce,53053071210,80.44,78.27,82.6
Pierce,53053071304,77.96,76.37,79.54
Pierce,53053071305,76.9,74.7,79.1
Pierce,53053071306,77.08,75.56,78.6
Pierce,53053071307,79.14,77.11,81.18
Pierce,53053071309,78.88,76.88,80.88
Pierce,53053071310,81.75,79.98,83.51
Pierce,53053071403,76.57,74.58,78.56
Pierce,53053071406,78.42,77.11,79.73
Pierce,53053071407,76.19,74.76,77.62
Pierce,53053071408,75.47,73.27,77.67
Pierce,53053071409,75.4,73.27,77.52
Pierce,53053071410,78.76,77.36,80.17
Pierce,53053071411,76.51,74.65,78.36
Pierce,53053071503,76.44,74.63,78.25
Pierce,53053071504,74.01,71.77,76.26
Pierce,53053071505,77.97,76.48,79.47
Pierce,53053071506,78.08,76.3,79.87
Pierce,53053071601,76.95,75.16,78.75
Pierce,53053071602,77.15,75.56,78.75
Pierce,53053071703,71.54,69.32,73.77
Pierce,53053071704,--,--,--
Pierce,53053071705,73.55,71.25,75.85
Pierce,53053071706,72.69,69.76,75.62
Pierce,53053071707,72.51,69.92,75.11
Pierce,53053071803,78.17,76.31,80.03
Pierce,53053071805,73.54,71.14,75.94
Pierce,53053071806,70.36,68.17,72.54
Pierce,53053071807,79.31,76.87,81.75
Pierce,53053071808,76.14,73.88,78.4
Pierce,53053071901,76.7,74.74,78.67
Pierce,53053071902,79.67,77.67,81.66
Pierce,53053072000,73.25,70.82,75.68
Pierce,53053072105,79.77,78.34,81.19
Pierce,53053072106,77.99,76.22,79.77
Pierce,53053072107,80.99,79.26,82.73
Pierce,53053072108,80.53,79.13,81.94
Pierce,53053072109,82.63,80.84,84.42
Pierce,53053072111,82.43,79.95,84.91
Pierce,53053072112,76.13,74,78.25
Pierce,53053072305,83.68,82.17,85.2
Pierce,53053072307,82.1,80.01,84.19
Pierce,53053072308,81.7,80.35,83.05
Pierce,53053072309,81.85,80.39,83.3
Pierce,53053072310,78.68,76.6,80.76
Pierce,53053072311,78.65,76.74,80.56
Pierce,53053072312,78.51,76.83,80.2
Pierce,53053072313,83.59,82.21,84.97
Pierce,53053072405,84.65,82.95,86.35
Pierce,53053072406,79.43,78.03,80.83
Pierce,53053072407,78.3,76.62,79.98
Pierce,53053072408,80.43,79.05,81.81
Pierce,53053072409,83.64,81.71,85.58
Pierce,53053072410,81.29,78.91,83.68
Pierce,53053072503,79.58,77.89,81.27
Pierce,53053072504,80.05,77.8,82.3
Pierce,53053072505,83.91,82.59,85.24
Pierce,53053072506,82.28,79.42,85.14
Pierce,53053072507,81.93,79.57,84.29
Pierce,53053072601,81.84,80.09,83.58
Pierce,53053072602,80.67,78.12,83.21
Pierce,53053072603,80.42,78.81,82.02
Pierce,53053072800,84.04,82.48,85.59
Pierce,53053072901,--,--,--
Pierce,53053072903,--,--,--
Pierce,53053072905,--,--,--
Pierce,53053072906,--,--,--
Pierce,53053072907,--,--,--
Pierce,53053073001,77.71,76.11,79.32
Pierce,53053073005,77.91,76.16,79.66
Pierce,53053073006,77.46,74.45,80.47
Pierce,53053073108,78.08,76.34,79.81
Pierce,53053073110,77.5,75.24,79.77
Pierce,53053073111,79.41,77.77,81.05
Pierce,53053073113,77.61,76.11,79.12
Pierce,53053073114,75.01,73.39,76.63
Pierce,53053073115,76.29,74.59,78
Pierce,53053073116,79.07,77.4,80.75
Pierce,53053073117,78.39,75.82,80.96
Pierce,53053073118,78.64,76.59,80.69
Pierce,53053073119,78.3,76.36,80.23
Pierce,53053073120,77.55,75.61,79.5
Pierce,53053073121,78.56,77.06,80.06
Pierce,53053073122,79.13,77.1,81.17
Pierce,53053073123,80.06,78.33,81.78
Pierce,53053073124,78.38,76.08,80.68
Pierce,53053073125,80.38,79.07,81.69
Pierce,53053073126,--,--,--
Pierce,53053073200,81.6,79.89,83.31
Pierce,53053073301,77.74,75.96,79.53
Pierce,53053073302,82.83,81.1,84.56
Pierce,53053073404,78.56,76.86,80.26
Pierce,53053073405,73.97,71.88,76.05
Pierce,53053073406,77.4,75.82,78.99
Pierce,53053073407,78.71,76.42,80.99
Pierce,53053073408,82.37,80.46,84.28
Pierce,53053073500,81.13,79.72,82.54
Pierce,53053940001,80.95,77.73,84.18
Pierce,53053940002,81.72,79.49,83.96
Pierce,53053940003,79.52,77.86,81.19
Pierce,53053940004,77.45,75.65,79.26
Pierce,53053940005,80.27,78.34,82.19
Pierce,53053940006,76.54,73.91,79.17
Pierce,53053940007,72.06,69.3,74.82
Pierce,53053940008,82.35,80.62,84.09
Pierce,53053940009,78.94,76.86,81.01
Pierce,53053940010,80.64,78.66,82.61
Pierce,53053940011,83.32,81.21,85.42
San Juan,53055960100,88.01,85.79,90.22
San Juan,53055960300,85.68,84.09,87.27
San Juan,53055960400,82.09,80.02,84.17
San Juan,53055960500,--,--,--
San Juan,53055990100,--,--,--
Skagit,53057940200,81.75,78.79,84.71
Skagit,53057940300,82.7,80.84,84.55
Skagit,53057940400,83.47,82.06,84.88
Skagit,53057940500,77.01,74.63,79.39
Skagit,53057940600,75.37,72.4,78.33
Skagit,53057940700,86.27,83.38,89.15
Skagit,53057940800,81.4,78.69,84.1
Skagit,53057950100,--,--,--
Skagit,53057950800,83.09,81.5,84.68
Skagit,53057950900,80.24,78.47,82.01
Skagit,53057951000,76.96,74.61,79.3
Skagit,53057951100,76.8,74.85,78.74
Skagit,53057951200,84.58,81.88,87.29
Skagit,53057951300,88.07,84.64,91.51
Skagit,53057951400,74.6,72.5,76.7
Skagit,53057951500,76.61,75.34,77.89
Skagit,53057951600,81.24,79.32,83.16
Skagit,53057951700,78.99,77.15,80.82
Skagit,53057951800,76.18,74.25,78.11
Skagit,53057951900,84.32,82.07,86.57
Skagit,53057952100,83.66,82.12,85.19
Skagit,53057952200,77.54,75.31,79.76
Skagit,53057952301,80.8,78.98,82.63
Skagit,53057952302,81.43,80.24,82.62
Skagit,53057952401,81.86,79.45,84.26
Skagit,53057952402,80.23,78.91,81.55
Skagit,53057952500,83.65,80.97,86.33
Skagit,53057952600,80.72,78.53,82.92
Skagit,53057952700,79.16,76.51,81.82
Skagit,53057990100,--,--,--
Skamania,53059950100,--,--,--
Skamania,53059950200,84.41,80.82,88.01
Skamania,53059950300,80.8,77.88,83.72
Skamania,53059950400,89.43,86.17,92.69
Skamania,53059950500,82.92,79.99,85.85
Snohomish,53061040100,85.9,84.1,87.71
Snohomish,53061040200,75.92,74.18,77.66
Snohomish,53061040300,78.71,76.15,81.27
Snohomish,53061040400,81.06,78.28,83.84
Snohomish,53061040500,77.05,73.81,80.29
Snohomish,53061040700,78.65,76.4,80.91
Snohomish,53061040800,73.48,70.96,76.01
Snohomish,53061040900,82.8,80.22,85.38
Snohomish,53061041000,78.44,76.75,80.13
Snohomish,53061041100,75.92,74.01,77.83
Snohomish,53061041201,78.3,76.01,80.59
Snohomish,53061041202,78.98,77.38,80.58
Snohomish,53061041301,82.22,80.64,83.8
Snohomish,53061041303,79.08,77.03,81.13
Snohomish,53061041304,84.07,81.51,86.63
Snohomish,53061041400,77.39,75.71,79.07
Snohomish,53061041500,79.6,75.94,83.26
Snohomish,53061041601,81.01,79.18,82.84
Snohomish,53061041605,82.44,80.69,84.19
Snohomish,53061041606,76.17,74.75,77.6
Snohomish,53061041607,83.42,81.78,85.07
Snohomish,53061041608,80.75,79.39,82.1
Snohomish,53061041701,81.51,79.71,83.32
Snohomish,53061041703,80.53,79.13,81.94
Snohomish,53061041704,80.28,78.51,82.05
Snohomish,53061041805,78.23,76.45,80.02
Snohomish,53061041806,78.32,76.83,79.81
Snohomish,53061041808,77.23,75.18,79.28
Snohomish,53061041809,81.55,79.58,83.52
Snohomish,53061041810,79.32,76.55,82.09
Snohomish,53061041811,80.55,78.94,82.15
Snohomish,53061041812,80.93,79.3,82.56
Snohomish,53061041901,80.96,79.06,82.87
Snohomish,53061041903,80.25,78.55,81.94
Snohomish,53061041904,75.76,73.92,77.59
Snohomish,53061041905,78.02,75.6,80.45
Snohomish,53061042001,82.47,80.74,84.2
Snohomish,53061042003,83.32,81.03,85.62
Snohomish,53061042004,79.88,78.35,81.41
Snohomish,53061042005,86.62,84.56,88.68
Snohomish,53061042006,80.7,78.75,82.65
Snohomish,53061050101,83.29,80.34,86.24
Snohomish,53061050102,85.98,83.8,88.16
Snohomish,53061050200,82.23,79.74,84.73
Snohomish,53061050300,83.6,82.04,85.16
Snohomish,53061050401,85.58,84.36,86.81
Snohomish,53061050402,79.59,78.05,81.14
Snohomish,53061050500,86.6,84.72,88.48
Snohomish,53061050600,--,--,--
Snohomish,53061050700,80.51,78.98,82.04
Snohomish,53061050800,81.38,79.97,82.8
Snohomish,53061050900,85.35,83.21,87.5
Snohomish,53061051000,80.52,78.66,82.38
Snohomish,53061051100,76.29,74.45,78.13
Snohomish,53061051200,78.6,76.55,80.64
Snohomish,53061051300,81.46,79.99,82.94
Snohomish,53061051400,80.77,79.37,82.16
Snohomish,53061051500,83.9,82.35,85.44
Snohomish,53061051601,81.88,80.12,83.64
Snohomish,53061051602,81.71,79.9,83.52
Snohomish,53061051701,79.42,77.88,80.95
Snohomish,53061051702,80.1,78.58,81.61
Snohomish,53061051802,82.42,80.65,84.18
Snohomish,53061051803,76.7,75.3,78.09
Snohomish,53061051804,85.31,82.99,87.63
Snohomish,53061051905,83.14,81.79,84.48
Snohomish,53061051912,82.59,79.42,85.77
Snohomish,53061051913,79.87,78.14,81.6
Snohomish,53061051914,84.36,82.87,85.86
Snohomish,53061051915,79.7,78.42,80.98
Snohomish,53061051916,84.65,82.56,86.74
Snohomish,53061051917,84.96,82.84,87.08
Snohomish,53061051918,85.01,83.55,86.48
Snohomish,53061051921,82.97,80.76,85.18
Snohomish,53061051922,83.41,81.64,85.18
Snohomish,53061051923,81.28,79.27,83.29
Snohomish,53061051924,81.02,79.62,82.43
Snohomish,53061051925,83.65,82.23,85.08
Snohomish,53061051926,81.97,80.42,83.51
Snohomish,53061051927,83,81.39,84.62
Snohomish,53061051928,80.61,78.8,82.42
Snohomish,53061052003,82.59,81.07,84.1
Snohomish,53061052004,83.77,82.12,85.42
Snohomish,53061052005,86.4,84.72,88.09
Snohomish,53061052006,81.25,79.48,83.03
Snohomish,53061052007,81.32,79.56,83.07
Snohomish,53061052104,79.74,77.49,81.98
Snohomish,53061052105,80.72,77.93,83.51
Snohomish,53061052107,82.99,81.22,84.77
Snohomish,53061052108,81.5,79.9,83.1
Snohomish,53061052112,84.15,80.37,87.93
Snohomish,53061052113,79.69,75.8,83.58
Snohomish,53061052114,84.59,82.58,86.59
Snohomish,53061052115,81.32,79.64,83.01
Snohomish,53061052118,82.25,80.48,84.02
Snohomish,53061052203,81.04,79.09,82.99
Snohomish,53061052204,81.15,78.96,83.34
Snohomish,53061052206,80,77.73,82.27
Snohomish,53061052207,81.21,79.33,83.1
Snohomish,53061052208,79.31,77.27,81.36
Snohomish,53061052209,82.07,80.42,83.71
Snohomish,53061052301,78.8,76.74,80.85
Snohomish,53061052302,78.49,76.27,80.7
Snohomish,53061052401,74.77,72.6,76.95
Snohomish,53061052402,79.67,77.41,81.93
Snohomish,53061052502,82.8,80.97,84.62
Snohomish,53061052503,80.45,78.98,81.92
Snohomish,53061052504,79.13,76.45,81.81
Snohomish,53061052603,79.86,77.03,82.68
Snohomish,53061052604,81.7,79.78,83.61
Snohomish,53061052605,79.46,77.95,80.97
Snohomish,53061052606,80.25,78.56,81.94
Snohomish,53061052607,81.63,79.75,83.51
Snohomish,53061052701,78.5,74.57,82.42
Snohomish,53061052705,82.64,81.04,84.25
Snohomish,53061052706,78.27,76.5,80.04
Snohomish,53061052707,77.43,75.01,79.86
Snohomish,53061052708,81.08,79.25,82.92
Snohomish,53061052709,80.97,79.07,82.87
Snohomish,53061052803,79.84,78.02,81.65
Snohomish,53061052804,79.92,78.44,81.4
Snohomish,53061052805,78.87,76.94,80.8
Snohomish,53061052806,78.83,77.17,80.48
Snohomish,53061052903,73.81,72.1,75.52
Snohomish,53061052904,80.06,78.31,81.81
Snohomish,53061052905,72.75,70.8,74.71
Snohomish,53061052906,78.28,76.47,80.1
Snohomish,53061053101,83.96,81.44,86.49
Snohomish,53061053102,80.59,78.79,82.4
Snohomish,53061053201,82.61,80.51,84.71
Snohomish,53061053202,81.72,79.41,84.03
Snohomish,53061053301,77.95,76.51,79.39
Snohomish,53061053302,82.05,80.32,83.78
Snohomish,53061053400,79.6,77.76,81.45
Snohomish,53061053504,77.77,76.28,79.26
Snohomish,53061053505,79.05,77.29,80.8
Snohomish,53061053506,77.5,75.24,79.77
Snohomish,53061053507,83.1,81.44,84.77
Snohomish,53061053508,78.92,76.76,81.09
Snohomish,53061053509,77.3,74.97,79.62
Snohomish,53061053602,78.59,76.73,80.45
Snohomish,53061053603,79.66,77.51,81.81
Snohomish,53061053604,78.14,75.71,80.56
Snohomish,53061053700,73.76,70.52,77
Snohomish,53061053801,76.25,73.6,78.91
Snohomish,53061053802,77.35,75.62,79.07
Snohomish,53061053803,78.34,76.61,80.07
Snohomish,53061940001,77.19,75.61,78.76
Snohomish,53061940002,71.58,69.12,74.03
Snohomish,53061990002,--,--,--
Snohomish,53061990100,--,--,--
Spokane,53063000200,72.6,70.68,74.52
Spokane,53063000300,72.73,71.04,74.41
Spokane,53063000400,71.56,69.58,73.54
Spokane,53063000500,80.73,78.44,83.02
Spokane,53063000600,76.61,74.12,79.11
Spokane,53063000700,80.07,78.12,82.02
Spokane,53063000800,82.27,80.79,83.75
Spokane,53063000900,78.97,77.46,80.48
Spokane,53063001000,81.21,79.52,82.9
Spokane,53063001100,82.17,79.56,84.77
Spokane,53063001200,81.64,77.84,85.45
Spokane,53063001300,76.5,73.88,79.13
Spokane,53063001400,77.96,76.25,79.68
Spokane,53063001500,76.52,74.59,78.45
Spokane,53063001600,75.36,73.16,77.56
Spokane,53063001800,71.99,69.34,74.64
Spokane,53063001900,76.07,73.52,78.62
Spokane,53063002000,74.57,72.2,76.95
Spokane,53063002100,78.82,76.16,81.47
Spokane,53063002300,75.69,73.79,77.58
Spokane,53063002400,70.14,68.15,72.14
Spokane,53063002500,75.13,72.71,77.54
Spokane,53063002600,74,71.96,76.04
Spokane,53063002900,77.41,75.26,79.56
Spokane,53063003000,72.65,69.6,75.7
Spokane,53063003100,76.13,73.97,78.29
Spokane,53063003200,68.57,64.85,72.29
Spokane,53063003500,71.23,68.72,73.74
Spokane,53063003600,82.61,79.56,85.67
Spokane,53063003800,73.64,70.54,76.75
Spokane,53063003900,81.22,77.81,84.64
Spokane,53063004000,79.19,77.24,81.13
Spokane,53063004100,84.72,82.18,87.27
Spokane,53063004200,83.67,81.9,85.45
Spokane,53063004300,84.26,82.61,85.91
Spokane,53063004400,82.13,79.97,84.29
Spokane,53063004500,83.58,81.78,85.38
Spokane,53063004601,79.01,76.77,81.25
Spokane,53063004602,81.77,79.47,84.07
Spokane,53063004700,79.15,77.4,80.89
Spokane,53063004800,85.81,83.6,88.03
Spokane,53063004900,81.93,80.05,83.81
Spokane,53063005000,76.67,74.48,78.86
Spokane,53063010100,80.65,78.36,82.93
Spokane,53063010201,79.31,76.93,81.68
Spokane,53063010202,80.15,78.71,81.6
Spokane,53063010301,79.76,77.94,81.58
Spokane,53063010303,82.32,80.27,84.38
Spokane,53063010304,77.74,76.33,79.16
Spokane,53063010305,79.54,78.06,81.01
Spokane,53063010401,79.31,77.28,81.34
Spokane,53063010402,78.47,76.78,80.16
Spokane,53063010501,79.11,77.9,80.32
Spokane,53063010503,81.38,80.13,82.63
Spokane,53063010504,80.54,77.94,83.14
Spokane,53063010601,79.49,78.01,80.97
Spokane,53063010602,80.01,78.68,81.34
Spokane,53063010700,80.69,79.5,81.89
Spokane,53063010800,74.05,70.81,77.29
Spokane,53063010900,78.7,76.2,81.2
Spokane,53063011000,80.86,78.29,83.43
Spokane,53063011101,73.13,71.35,74.9
Spokane,53063011102,75.53,73.64,77.41
Spokane,53063011201,72.92,71.26,74.58
Spokane,53063011202,78.57,76.48,80.66
Spokane,53063011300,83.43,81.92,84.94
Spokane,53063011400,77.59,75.84,79.34
Spokane,53063011500,77.54,73.76,81.33
Spokane,53063011600,78.11,74.7,81.52
Spokane,53063011701,79.57,77.21,81.93
Spokane,53063011702,75.54,73.75,77.34
Spokane,53063011800,76.1,74.37,77.83
Spokane,53063011900,75.46,73.66,77.26
Spokane,53063012000,77.94,75.75,80.14
Spokane,53063012100,78.05,75.22,80.88
Spokane,53063012200,75.41,73.09,77.73
Spokane,53063012300,74.69,72.9,76.48
Spokane,53063012401,79.99,78.33,81.64
Spokane,53063012402,80.6,78.71,82.48
Spokane,53063012500,69.42,67.5,71.34
Spokane,53063012600,78.8,76.69,80.91
Spokane,53063012701,80.45,78.45,82.44
Spokane,53063012702,82.64,80.48,84.79
Spokane,53063012801,79.23,77.28,81.18
Spokane,53063012802,81.24,79.07,83.42
Spokane,53063012901,77.31,74.82,79.8
Spokane,53063012902,79.04,77.83,80.25
Spokane,53063013000,80.97,79.74,82.19
Spokane,53063013100,80.42,79.35,81.48
Spokane,53063013201,76.94,75.32,78.56
Spokane,53063013202,80.88,79.66,82.1
Spokane,53063013300,81.85,79.54,84.16
Spokane,53063013401,86.49,84.88,88.11
Spokane,53063013500,82.07,80.94,83.21
Spokane,53063013600,80.38,78.44,82.32
Spokane,53063013700,80.11,78.06,82.16
Spokane,53063013800,--,--,--
Spokane,53063013900,77.97,76.45,79.5
Spokane,53063014001,79.55,76.82,82.29
Spokane,53063014002,81.1,79.27,82.93
Spokane,53063014100,79.5,77.95,81.06
Spokane,53063014200,80.2,77.76,82.65
Spokane,53063014300,81.95,80.01,83.9
Spokane,53063014400,77.23,75.4,79.06
Spokane,53063014500,71.87,68.99,74.75
Stevens,53065941000,75.77,72.62,78.91
Stevens,53065950100,82.13,80.47,83.78
Stevens,53065950200,81.27,79.06,83.48
Stevens,53065950300,75.6,72.86,78.34
Stevens,53065950500,79.36,77.31,81.41
Stevens,53065950600,--,--,--
Stevens,53065950700,81.69,79.32,84.06
Stevens,53065950800,80.31,77.84,82.77
Stevens,53065950900,82.29,78.62,85.96
Stevens,53065951100,80.2,78.1,82.3
Stevens,53065951300,80.97,79.07,82.88
Stevens,53065951400,82.4,80.92,83.88
Thurston,53067010100,83.71,81.12,86.3
Thurston,53067010200,80.09,78.32,81.85
Thurston,53067010300,79.33,77.32,81.34
Thurston,53067010400,82.12,79.71,84.53
Thurston,53067010510,--,--,--
Thurston,53067010520,81.43,79.84,83.01
Thurston,53067010600,81.6,80.02,83.18
Thurston,53067010700,84.05,82.25,85.84
Thurston,53067010800,80.87,79.37,82.37
Thurston,53067010910,81.27,79.76,82.77
Thurston,53067010920,79.17,77.27,81.08
Thurston,53067011000,79.71,77.64,81.79
Thurston,53067011100,83.35,81.68,85.02
Thurston,53067011200,80.13,78.25,82.02
Thurston,53067011300,82.12,80.16,84.08
Thurston,53067011410,76.36,74.73,78
Thurston,53067011420,80.55,79.23,81.88
Thurston,53067011500,76,74.26,77.73
Thurston,53067011610,80.33,79.04,81.62
Thurston,53067011621,77.95,76.63,79.28
Thurston,53067011622,82.92,80.64,85.2
Thurston,53067011623,81.69,80,83.38
Thurston,53067011624,77.06,74.93,79.19
Thurston,53067011710,84.03,82.53,85.52
Thurston,53067011720,82.79,80.98,84.6
Thurston,53067011810,83.28,81.13,85.43
Thurston,53067011821,80.46,78.47,82.45
Thurston,53067011822,80.74,79.17,82.3
Thurston,53067011900,81.15,79.66,82.64
Thurston,53067012000,81.64,80.17,83.11
Thurston,53067012100,83.38,81.86,84.91
Thurston,53067012211,81.56,79.26,83.86
Thurston,53067012212,78.49,77.09,79.9
Thurston,53067012221,82.73,80.89,84.58
Thurston,53067012222,83.37,82.33,84.4
Thurston,53067012310,80.34,79.09,81.59
Thurston,53067012320,76.91,74.24,79.58
Thurston,53067012330,78.57,76.73,80.4
Thurston,53067012411,77.32,75.87,78.76
Thurston,53067012412,79.69,77.88,81.5
Thurston,53067012420,79.8,77.65,81.94
Thurston,53067012510,75.84,73.92,77.75
Thurston,53067012520,79.46,78.09,80.83
Thurston,53067012530,77.66,75.64,79.67
Thurston,53067012610,80.73,79.31,82.15
Thurston,53067012620,78.41,76.48,80.33
Thurston,53067012710,80.3,77.21,83.39
Thurston,53067012720,77.71,76.2,79.23
Thurston,53067012730,80.78,79.57,82
Thurston,53067990100,--,--,--
Wahkiakum,53069950100,81.73,78.42,85.04
Walla Walla,53071920000,81.8,79.88,83.72
Walla Walla,53071920100,79.23,76.75,81.72
Walla Walla,53071920200,83.11,81.23,84.99
Walla Walla,53071920300,81.3,80.04,82.56
Walla Walla,53071920400,--,--,--
Walla Walla,53071920500,76.74,73.47,80.02
Walla Walla,53071920600,76.18,74.43,77.92
Walla Walla,53071920701,81.38,79.28,83.49
Walla Walla,53071920702,82.48,80.43,84.53
Walla Walla,53071920801,82.68,80.69,84.66
Walla Walla,53071920802,80.98,79.06,82.9
Walla Walla,53071920900,85.35,83.91,86.79
Whatcom,53073000100,80.93,79.77,82.09
Whatcom,53073000200,81.04,79.92,82.16
Whatcom,53073000300,76.9,75.42,78.38
Whatcom,53073000400,79.98,78.7,81.27
Whatcom,53073000501,78.5,76.55,80.44
Whatcom,53073000502,84,81.38,86.62
Whatcom,53073000600,--,--,--
Whatcom,53073000700,79.78,77.87,81.68
Whatcom,53073000803,85.61,84.17,87.05
Whatcom,53073000804,85.88,84.33,87.43
Whatcom,53073000805,84.92,83.54,86.3
Whatcom,53073000806,82.21,81.08,83.35
Whatcom,53073000901,83.87,82.21,85.53
Whatcom,53073000902,83.47,82.19,84.75
Whatcom,53073001000,--,--,--
Whatcom,53073001100,86.38,84.62,88.14
Whatcom,53073001201,76.91,74.6,79.23
Whatcom,53073001202,80.38,78.45,82.32
Whatcom,53073010100,78.59,77.16,80.03
Whatcom,53073010200,81.65,80.26,83.04
Whatcom,53073010301,86.24,84.58,87.9
Whatcom,53073010302,86.74,85.06,88.42
Whatcom,53073010303,79.71,78.11,81.32
Whatcom,53073010401,79.87,78.58,81.16
Whatcom,53073010403,83.12,81.28,84.95
Whatcom,53073010404,80.44,78.87,82.01
Whatcom,53073010501,82.04,80.65,83.43
Whatcom,53073010502,80.38,79.01,81.76
Whatcom,53073010600,81.32,79.69,82.94
Whatcom,53073010701,81.67,80.18,83.16
Whatcom,53073010702,80.82,78.85,82.79
Whatcom,53073010900,--,--,--
Whatcom,53073011000,--,--,--
Whatcom,53073940000,72.36,69.76,74.95
Whitman,53075000100,--,--,--
Whitman,53075000200,79.96,78.52,81.39
Whitman,53075000300,82.41,81.05,83.77
Whitman,53075000400,79.65,77.36,81.94
Whitman,53075000500,--,--,--
Whitman,53075000600,--,--,--
Whitman,53075000700,81.09,79.37,82.81
Whitman,53075000800,75.81,73.36,78.26
Whitman,53075000900,77.94,76.23,79.66
Whitman,53075001000,83.05,79.79,86.32
Yakima,53077000100,75.87,72.81,78.92
Yakima,53077000200,72.71,70.56,74.86
Yakima,53077000300,74.56,72.58,76.53
Yakima,53077000400,79.92,78.32,81.53
Yakima,53077000500,75.72,73.85,77.59
Yakima,53077000600,75.88,73.74,78.02
Yakima,53077000700,73.52,71.97,75.07
Yakima,53077000800,78.62,76.4,80.84
Yakima,53077000901,79.78,78.32,81.24
Yakima,53077000902,80.61,78.9,82.32
Yakima,53077001000,79.22,77.41,81.03
Yakima,53077001100,79.19,77.6,80.78
Yakima,53077001201,74.75,72.4,77.1
Yakima,53077001202,78.6,76.73,80.48
Yakima,53077001300,74.55,71.72,77.39
Yakima,53077001400,70.15,68.16,72.14
Yakima,53077001501,76.76,74.71,78.8
Yakima,53077001502,79.38,76.68,82.08
Yakima,53077001601,76.94,73.76,80.12
Yakima,53077001602,83.66,82.33,85
Yakima,53077001701,79.29,76.94,81.64
Yakima,53077001702,80.72,78.98,82.46
Yakima,53077001800,81.05,79.55,82.56
Yakima,53077001901,81.61,79.32,83.89
Yakima,53077001902,82.5,80.6,84.4
Yakima,53077002001,80.2,78.66,81.74
Yakima,53077002002,81.4,79.97,82.84
Yakima,53077002101,78.87,75.71,82.03
Yakima,53077002102,81.85,80.3,83.4
Yakima,53077002200,79.79,78.31,81.28
Yakima,53077002701,83.71,81.01,86.41
Yakima,53077002801,78.83,76.98,80.68
Yakima,53077002802,77.98,76.44,79.53
Yakima,53077002900,80.52,78.97,82.06
Yakima,53077003001,79.41,77.44,81.38
Yakima,53077003002,82.12,79.77,84.48
Yakima,53077003100,83,80.7,85.31
Yakima,53077003200,78.62,77.2,80.03
Yakima,53077003400,76.58,74.03,79.14
Yakima,53077940001,74.48,72.6,76.36
Yakima,53077940002,72.26,70.01,74.5
Yakima,53077940003,72.03,69.26,74.8
Yakima,53077940004,74.9,73.1,76.69
Yakima,53077940005,77.44,75.41,79.48
Yakima,53077940006,78.31,76.17,80.45
,,,,
,,,,
Life Expectancy at Birth,,,,
"Geography: Census Tract, Time Period: 2015-2019",,,,
Created: 5/17/2022,,,,
,,,,
"""**"" indicates data suppression to protect confidentiality.",,,,
,,,,
"""--"" indicates no data collected.",,,,
,,,,
"""NR"" indicates data are not reliable.",,,,
